日期,股票代码,名称,收盘价,最高价,最低价,开盘价,前收盘,涨跌额,涨跌幅,换手率,成交量,成交金额,总市值,流通市值
2019-12-27,'600383,金地集团,13.96,14.15,13.7,13.7,13.8,0.16,1.1594,0.7469,33718837,470292108.0,63023586665.1,63023586665.1
2019-12-26,'600383,金地集团,13.8,14.0,13.18,13.18,13.06,0.74,5.6662,1.0202,46056396,631372311.0,62301253293.6,62301253293.6
2019-12-25,'600383,金地集团,13.06,13.15,12.91,12.99,13.11,-0.05,-0.3814,0.4224,19071208,248223253.0,58960461450.3,58960461450.3
2019-12-24,'600383,金地集团,13.11,13.39,12.94,13.39,13.3,-0.19,-1.4286,0.6617,29872382,390589873.0,59186190628.9,59186190628.9
2019-12-23,'600383,金地集团,13.3,13.85,13.21,13.71,13.73,-0.43,-3.1318,0.6182,27907868,376818636.0,60043961507.6,60043961507.6
2019-12-20,'600383,金地集团,13.73,13.84,13.34,13.4,13.32,0.41,3.0781,0.7273,32834737,449287818.0,61985232443.6,61985232443.6
2019-12-19,'600383,金地集团,13.32,13.47,13.2,13.22,13.16,0.16,1.2158,0.3639,16430727,218972540.0,60134253179.0,60134253179.0
2019-12-18,'600383,金地集团,13.16,13.44,13.14,13.26,13.27,-0.11,-0.8289,0.4724,21325391,283831899.0,59411919807.5,59411919807.5
2019-12-17,'600383,金地集团,13.27,13.58,12.91,12.98,12.97,0.3,2.313,0.9328,42113329,560333938.0,59908524000.4,59908524000.4
2019-12-16,'600383,金地集团,12.97,13.01,12.68,12.85,12.94,0.03,0.2318,0.5592,25244959,323983863.0,58554148928.8,58554148928.8
2019-12-13,'600383,金地集团,12.94,13.2,12.81,13.07,12.81,0.13,1.0148,0.7327,33078506,428571926.0,58418711421.7,58418711421.7
2019-12-12,'600383,金地集团,12.81,13.04,12.79,12.9,12.99,-0.18,-1.3857,0.375,16931419,218199470.0,57831815557.3,57831815557.3
2019-12-11,'600383,金地集团,12.99,13.05,12.7,12.7,12.58,0.41,3.2591,0.8597,38812652,501890771.0,58644440600.3,58644440600.3
2019-12-10,'600383,金地集团,12.58,12.73,12.53,12.67,12.72,-0.14,-1.1006,0.4962,22402750,282464793.0,56793461335.8,56793461335.8
2019-12-09,'600383,金地集团,12.72,12.73,12.21,12.28,12.16,0.56,4.6053,1.0007,45177344,566457212.0,57425503035.8,57425503035.8
2019-12-06,'600383,金地集团,12.16,12.2,12.05,12.15,12.19,-0.03,-0.2461,0.4052,18292025,221678981.0,54897336235.5,54897336235.5
2019-12-05,'600383,金地集团,12.19,12.34,12.1,12.29,12.27,-0.08,-0.652,0.4763,21503675,261378222.0,55032773742.7,55032773742.7
2019-12-04,'600383,金地集团,12.27,12.51,12.21,12.45,12.42,-0.15,-1.2077,0.2641,11924218,146845159.0,55393940428.4,55393940428.4
2019-12-03,'600383,金地集团,12.42,12.63,12.28,12.34,12.37,0.05,0.4042,0.5398,24367931,303629576.0,56071127964.2,56071127964.2
2019-12-02,'600383,金地集团,12.37,12.4,11.96,11.96,11.9,0.47,3.9496,0.6933,31300275,384651964.0,55845398785.6,55845398785.6
2019-11-29,'600383,金地集团,11.9,12.09,11.87,11.91,11.93,-0.03,-0.2515,0.3235,14605079,174696851.0,53723544506.8,53723544506.8
2019-11-28,'600383,金地集团,11.93,12.15,11.88,12.1,12.12,-0.19,-1.5677,0.2499,11279875,135417409.0,53858982014.0,53858982014.0
2019-11-27,'600383,金地集团,12.12,12.3,12.03,12.22,12.26,-0.14,-1.1419,0.301,13587219,165080578.0,54716752892.6,54716752892.6
2019-11-26,'600383,金地集团,12.26,12.34,12.15,12.34,12.28,-0.02,-0.1629,0.4544,20513076,250857818.0,55348794592.7,55348794592.7
2019-11-25,'600383,金地集团,12.28,12.41,11.97,11.97,11.99,0.29,2.4187,0.7034,31756496,389148663.0,55439086264.2,55439086264.2
2019-11-22,'600383,金地集团,11.99,12.08,11.87,12.02,12.0,-0.01,-0.0833,0.284,12822414,153437421.0,54129857028.3,54129857028.3
2019-11-21,'600383,金地集团,12.0,12.02,11.76,11.92,11.95,0.05,0.4184,0.2701,12195757,145392093.0,54175002864.0,54175002864.0
2019-11-20,'600383,金地集团,11.95,12.14,11.92,12.1,12.05,-0.1,-0.8299,0.2568,11594167,139205798.0,53949273685.4,53949273685.4
2019-11-19,'600383,金地集团,12.05,12.15,11.77,11.85,11.83,0.22,1.8597,0.494,22302206,268603659.0,54400732042.6,54400732042.6
2019-11-18,'600383,金地集团,11.83,11.98,11.56,11.68,11.69,0.14,1.1976,0.3999,18052728,212702356.0,53407523656.8,53407523656.8
2019-11-15,'600383,金地集团,11.69,11.83,11.6,11.74,11.74,-0.05,-0.4259,0.2019,9112822,106986171.0,52775481956.7,52775481956.7
2019-11-14,'600383,金地集团,11.74,11.91,11.66,11.85,11.82,-0.08,-0.6768,0.398,17966035,210979047.0,53001211135.3,53001211135.3
2019-11-13,'600383,金地集团,11.82,11.95,11.69,11.95,11.89,-0.07,-0.5887,0.3128,14121767,166378808.0,53362377821.0,53362377821.0
2019-11-12,'600383,金地集团,11.89,11.97,11.77,11.84,11.81,0.08,0.6774,0.2168,9788972,116277064.0,53678398671.1,53678398671.1
2019-11-11,'600383,金地集团,11.81,11.93,11.66,11.93,11.99,-0.18,-1.5013,0.5182,23392618,274968785.0,53317231985.3,53317231985.3
2019-11-08,'600383,金地集团,11.99,12.29,11.91,12.23,12.1,-0.11,-0.9091,0.4064,18349145,221162479.0,54129857028.3,54129857028.3
2019-11-07,'600383,金地集团,12.1,12.25,12.04,12.19,12.16,-0.06,-0.4934,0.2956,13345484,161971826.0,54626461221.2,54626461221.2
2019-11-06,'600383,金地集团,12.16,12.44,12.13,12.37,12.35,-0.19,-1.5385,0.33,14896125,181858447.0,54897336235.5,54897336235.5
2019-11-05,'600383,金地集团,12.35,12.55,12.1,12.17,12.13,0.22,1.8137,0.5428,24503820,302995899.0,55755107114.2,55755107114.2
2019-11-04,'600383,金地集团,12.13,12.38,12.03,12.25,12.21,-0.08,-0.6552,0.4831,21810925,265656318.0,54761898728.4,54761898728.4
2019-11-01,'600383,金地集团,12.21,12.34,11.74,11.95,11.9,0.31,2.605,0.6223,28093618,339883342.0,55123065414.1,55123065414.1
2019-10-31,'600383,金地集团,11.9,12.0,11.84,11.95,11.88,0.02,0.1684,0.4915,22190753,264262944.0,53723544506.8,53723544506.8
2019-10-30,'600383,金地集团,11.88,12.31,11.6,11.95,12.5,-0.62,-4.96,1.3863,62585070,747441318.0,53633252835.4,53633252835.4
2019-10-29,'600383,金地集团,12.5,12.74,12.4,12.7,12.66,-0.16,-1.2638,0.3491,15759285,197557778.0,56432294650.0,56432294650.0
2019-10-28,'600383,金地集团,12.66,12.8,12.5,12.75,12.9,-0.24,-1.8605,0.5096,23006806,291231645.0,57154628021.5,57154628021.5
2019-10-25,'600383,金地集团,12.9,13.06,12.83,13.0,12.9,0.0,0.0,0.3375,15237492,196606311.0,58238128078.8,58238128078.8
2019-10-24,'600383,金地集团,12.9,13.05,12.76,12.84,12.85,0.05,0.3891,0.327,14762261,190088942.0,58238128078.8,58238128078.8
2019-10-23,'600383,金地集团,12.85,13.28,12.77,13.22,13.24,-0.39,-2.9456,0.605,27312421,351694916.0,58012398900.2,58012398900.2
2019-10-22,'600383,金地集团,13.24,13.24,12.95,13.1,13.25,-0.01,-0.0755,0.675,30475429,399740847.0,59773086493.3,59773086493.3
2019-10-21,'600383,金地集团,13.25,13.31,12.65,12.68,12.63,0.62,4.9089,0.8682,39193724,512854386.0,59818232329.0,59818232329.0
2019-10-18,'600383,金地集团,12.63,13.18,12.55,13.07,13.02,-0.39,-2.9954,0.5485,24760273,316961846.0,57019190514.4,57019190514.4
2019-10-17,'600383,金地集团,13.02,13.22,12.86,13.16,13.11,-0.09,-0.6865,0.4935,22277652,289747632.0,58779878107.4,58779878107.4
2019-10-16,'600383,金地集团,13.11,13.5,13.0,13.02,12.97,0.14,1.0794,0.7912,35721331,473379706.0,59186190628.9,59186190628.9
2019-10-15,'600383,金地集团,12.97,13.28,12.85,13.05,13.1,-0.13,-0.9924,0.5335,24084978,312428520.0,58554148928.8,58554148928.8
2019-10-14,'600383,金地集团,13.1,13.25,12.88,12.92,12.88,0.22,1.7081,0.9856,44493968,581963786.0,59141044793.2,59141044793.2
2019-10-11,'600383,金地集团,12.88,13.15,12.76,12.92,12.86,0.02,0.1555,0.7671,34630475,446640976.0,58147836407.4,58147836407.4
2019-10-10,'600383,金地集团,12.86,12.88,12.59,12.79,12.74,0.12,0.9419,1.1096,50095458,639184768.0,58057544735.9,58057544735.9
2019-10-09,'600383,金地集团,12.74,12.96,12.02,12.02,12.08,0.66,5.4636,1.7772,80232685,1011186208.0,57515794707.3,57515794707.3
2019-10-08,'600383,金地集团,12.08,12.23,11.58,11.59,11.55,0.53,4.5887,1.0213,46108549,553258731.0,54536169549.8,54536169549.8
2019-09-30,'600383,金地集团,11.55,11.66,11.52,11.59,11.58,-0.03,-0.2591,0.2961,13366619,154902067.0,52143440256.6,52143440256.6
2019-09-27,'600383,金地集团,11.58,11.78,11.5,11.77,11.76,-0.18,-1.5306,0.379,17108804,198083563.0,52278877763.8,52278877763.8
2019-09-26,'600383,金地集团,11.76,11.92,11.71,11.83,11.76,0.0,0.0,0.5411,24428380,288774719.0,53091502806.7,53091502806.7
2019-09-25,'600383,金地集团,11.76,11.81,11.63,11.7,11.74,0.02,0.1704,0.3375,15238775,178797504.0,53091502806.7,53091502806.7
2019-09-24,'600383,金地集团,11.74,11.88,11.63,11.76,11.75,-0.01,-0.0851,0.3914,17672214,207891302.0,53001211135.3,53001211135.3
2019-09-23,'600383,金地集团,11.75,12.0,11.67,11.99,12.05,-0.3,-2.4896,0.3987,17997807,212045947.0,53046356971.0,53046356971.0
2019-09-20,'600383,金地集团,12.05,12.17,11.91,12.1,12.13,-0.08,-0.6595,0.5352,24161560,290820151.0,54400732042.6,54400732042.6
2019-09-19,'600383,金地集团,12.13,12.38,12.0,12.35,12.31,-0.18,-1.4622,0.5052,22807120,277013002.0,54761898728.4,54761898728.4
2019-09-18,'600383,金地集团,12.31,12.44,12.05,12.11,12.06,0.25,2.073,0.6995,31579524,388069801.0,55574523771.3,55574523771.3
2019-09-17,'600383,金地集团,12.06,12.19,12.01,12.19,12.13,-0.07,-0.5771,0.441,19907816,240493918.0,54445877878.3,54445877878.3
2019-09-16,'600383,金地集团,12.13,12.38,12.04,12.25,12.25,-0.12,-0.9796,0.6912,31204242,380426315.0,54761898728.4,54761898728.4
2019-09-12,'600383,金地集团,12.25,12.29,11.88,11.88,11.73,0.52,4.4331,1.3404,60512524,734424844.0,55303648757.0,55303648757.0
2019-09-11,'600383,金地集团,11.73,11.84,11.65,11.76,11.74,-0.01,-0.0852,0.3554,16044678,187768556.0,52956065299.6,52956065299.6
2019-09-10,'600383,金地集团,11.74,11.91,11.66,11.87,11.89,-0.15,-1.2616,0.5346,24136774,282881780.0,53001211135.3,53001211135.3
2019-09-09,'600383,金地集团,11.89,12.05,11.82,11.87,11.77,0.12,1.0195,0.795,35892321,427919108.0,53678398671.1,53678398671.1
2019-09-06,'600383,金地集团,11.77,11.78,11.55,11.74,11.65,0.12,1.03,0.6084,27465305,320684313.0,53136648642.4,53136648642.4
2019-09-05,'600383,金地集团,11.65,12.04,11.61,11.78,11.76,-0.11,-0.9354,1.0546,47611550,563864905.0,52594898613.8,52594898613.8
2019-09-04,'600383,金地集团,11.76,11.81,11.28,11.35,11.34,0.42,3.7037,0.8748,39492002,457125734.0,53091502806.7,53091502806.7
2019-09-03,'600383,金地集团,11.34,11.38,11.25,11.32,11.39,-0.05,-0.439,0.4473,20195826,228306986.0,51195377706.5,51195377706.5
2019-09-02,'600383,金地集团,11.39,11.43,11.16,11.2,11.23,0.16,1.4248,0.5553,25068467,283900105.0,51421106885.1,51421106885.1
2019-08-30,'600383,金地集团,11.23,11.55,11.14,11.54,11.46,-0.23,-2.007,0.782,35303405,398956332.0,50698773513.6,50698773513.6
2019-08-29,'600383,金地集团,11.46,12.0,11.39,11.98,11.93,-0.47,-3.9396,0.8615,38895075,452388128.0,51737127735.1,51737127735.1
2019-08-28,'600383,金地集团,11.93,12.07,11.78,12.01,11.93,0.0,0.0,0.3969,17920127,213697819.0,53858982014.0,53858982014.0
2019-08-27,'600383,金地集团,11.93,12.1,11.93,11.99,11.91,0.02,0.1679,0.4056,18311099,220048037.0,53858982014.0,53858982014.0
2019-08-26,'600383,金地集团,11.91,12.03,11.81,12.03,12.2,-0.29,-2.377,0.3958,17869004,213025833.0,53768690342.5,53768690342.5
2019-08-23,'600383,金地集团,12.2,12.38,12.15,12.28,12.28,-0.08,-0.6515,0.241,10879543,133251071.0,55077919578.4,55077919578.4
2019-08-22,'600383,金地集团,12.28,12.49,12.19,12.37,12.36,-0.08,-0.6472,0.1958,8841200,108858167.0,55439086264.2,55439086264.2
2019-08-21,'600383,金地集团,12.36,12.64,12.31,12.36,12.43,-0.07,-0.5632,0.4157,18768334,234113178.0,55800252949.9,55800252949.9
2019-08-20,'600383,金地集团,12.43,12.53,12.16,12.26,12.24,0.19,1.5523,0.6965,31443501,388599517.0,56116273800.0,56116273800.0
2019-08-19,'600383,金地集团,12.24,12.36,11.94,12.3,12.05,0.19,1.5768,0.697,31465968,382367092.0,55258502921.3,55258502921.3
2019-08-16,'600383,金地集团,12.05,12.19,11.96,12.05,12.05,0.0,0.0,0.344,15531249,187313715.0,54400732042.6,54400732042.6
2019-08-15,'600383,金地集团,12.05,12.1,11.56,11.63,11.8,0.25,2.1186,0.4909,22163687,264626948.0,54400732042.6,54400732042.6
2019-08-14,'600383,金地集团,11.8,12.08,11.78,11.98,11.92,-0.12,-1.0067,0.2663,12022179,142786081.0,53272086149.6,53272086149.6
2019-08-13,'600383,金地集团,11.92,12.09,11.84,12.04,12.07,-0.15,-1.2428,0.2171,9800982,116819641.0,53813836178.2,53813836178.2
2019-08-12,'600383,金地集团,12.07,12.08,11.73,11.73,11.77,0.3,2.5489,0.3067,13845144,165785960.0,54491023714.0,54491023714.0
2019-08-09,'600383,金地集团,11.77,12.19,11.73,12.13,12.1,-0.33,-2.7273,0.4282,19332580,229359198.0,53136648642.4,53136648642.4
2019-08-08,'600383,金地集团,12.1,12.17,11.96,12.04,11.95,0.15,1.2552,0.3263,14733261,178383526.0,54626461221.2,54626461221.2
2019-08-07,'600383,金地集团,11.95,12.16,11.76,11.76,11.66,0.29,2.4871,0.6535,29503673,354299620.0,53949273685.4,53949273685.4
2019-08-06,'600383,金地集团,11.66,11.78,11.45,11.48,11.48,0.18,1.5679,0.6474,29227752,340203598.0,52640044449.5,52640044449.5
2019-08-05,'600383,金地集团,11.48,11.86,11.46,11.75,11.95,-0.47,-3.9331,0.6374,28774637,334370496.0,51827419406.6,51827419406.6
2019-08-02,'600383,金地集团,11.95,12.01,11.49,11.6,11.93,0.02,0.1676,0.7801,35216216,410508215.0,53949273685.4,53949273685.4
2019-08-01,'600383,金地集团,11.93,12.17,11.81,12.08,12.2,-0.27,-2.2131,0.6867,31000110,371293885.0,53858982014.0,53858982014.0
2019-07-31,'600383,金地集团,12.2,12.68,12.14,12.68,12.79,-0.59,-4.613,0.9504,42908101,527156028.0,55077919578.4,55077919578.4
2019-07-30,'600383,金地集团,12.79,12.88,12.45,12.46,12.45,0.34,2.7309,0.5133,23174201,295337085.0,57741523885.9,57741523885.9
2019-07-29,'600383,金地集团,12.45,12.56,12.34,12.47,12.47,-0.02,-0.1604,0.2835,12798699,159104436.0,56206565471.4,56206565471.4
2019-07-26,'600383,金地集团,12.47,12.52,12.26,12.3,12.4,0.07,0.5645,0.2661,12011939,148851885.0,56296857142.8,56296857142.8
2019-07-25,'600383,金地集团,12.4,12.53,12.23,12.53,12.54,-0.14,-1.1164,0.5872,26509514,326753874.0,55980836292.8,55980836292.8
2019-07-24,'600383,金地集团,12.54,12.84,12.43,12.68,12.66,-0.12,-0.9479,0.595,26859993,337248284.0,56612877992.9,56612877992.9
2019-07-23,'600383,金地集团,12.66,12.79,12.45,12.69,12.74,-0.08,-0.6279,0.5809,26225075,330123421.0,57154628021.5,57154628021.5
2019-07-22,'600383,金地集团,12.74,13.05,12.46,12.61,12.59,0.15,1.1914,0.8059,36384995,465859194.0,57515794707.3,57515794707.3
2019-07-19,'600383,XD金地集,12.59,12.7,12.38,12.4,12.24,0.35,2.8595,0.7535,34017950,426556447.0,56838607171.5,56838607171.5
2019-07-18,'600383,金地集团,12.84,13.02,12.8,13.0,12.97,-0.13,-1.0023,0.514,23206182,298650567.0,57967253064.5,57967253064.5
2019-07-17,'600383,金地集团,12.97,13.06,12.79,12.84,12.88,0.09,0.6988,0.6145,27742931,360309327.0,58554148928.8,58554148928.8
2019-07-16,'600383,金地集团,12.88,13.0,12.62,12.71,12.71,0.17,1.3375,0.4573,20643497,264088986.0,58147836407.4,58147836407.4
2019-07-15,'600383,金地集团,12.71,12.84,12.44,12.66,12.81,-0.1,-0.7806,0.5358,24189264,305567636.0,57380357200.1,57380357200.1
2019-07-12,'600383,金地集团,12.81,12.87,12.6,12.68,12.58,0.23,1.8283,0.4475,20202372,258060883.0,57831815557.3,57831815557.3
2019-07-11,'600383,金地集团,12.58,12.73,12.52,12.56,12.47,0.11,0.8821,0.4005,18082335,228272360.0,56793461335.8,56793461335.8
2019-07-10,'600383,金地集团,12.47,12.59,12.38,12.5,12.52,-0.05,-0.3994,0.4069,18369789,229441725.0,56296857142.8,56296857142.8
2019-07-09,'600383,金地集团,12.52,12.72,12.4,12.41,12.48,0.04,0.3205,0.5992,27052866,339076396.0,56522586321.4,56522586321.4
2019-07-08,'600383,金地集团,12.48,12.75,12.26,12.71,12.71,-0.23,-1.8096,0.6185,27924770,348715823.0,56342002978.6,56342002978.6
2019-07-05,'600383,金地集团,12.71,12.79,12.57,12.78,12.82,-0.11,-0.858,0.4659,21035124,267157583.0,57380357200.1,57380357200.1
2019-07-04,'600383,金地集团,12.82,13.07,12.61,12.61,12.65,0.17,1.3439,0.9348,42201539,544244296.0,57876961393.0,57876961393.0
2019-07-03,'600383,金地集团,12.65,12.77,12.17,12.17,12.38,0.27,2.1809,1.0684,48231971,607814142.0,57109482185.8,57109482185.8
2019-07-02,'600383,金地集团,12.38,12.47,12.13,12.15,12.22,0.16,1.3093,0.5317,24002513,294439795.0,55890544621.4,55890544621.4
2019-07-01,'600383,金地集团,12.22,12.25,11.98,12.09,11.93,0.29,2.4308,0.7036,31762476,384989679.0,55168211249.8,55168211249.8
2019-06-28,'600383,金地集团,11.93,12.0,11.85,11.99,12.0,-0.07,-0.5833,0.2464,11122671,132353597.0,53858982014.0,53858982014.0
2019-06-27,'600383,金地集团,12.0,12.09,11.9,11.95,11.92,0.08,0.6711,0.4108,18548029,222276266.0,54175002864.0,54175002864.0
2019-06-26,'600383,金地集团,11.92,12.04,11.87,11.98,11.97,-0.05,-0.4177,0.2126,9597927,114528704.0,53813836178.2,53813836178.2
2019-06-25,'600383,金地集团,11.97,12.18,11.86,12.17,12.17,-0.2,-1.6434,0.3167,14297966,171383303.0,54039565356.8,54039565356.8
2019-06-24,'600383,金地集团,12.17,12.24,12.09,12.21,12.22,-0.05,-0.4092,0.3419,15436368,187272479.0,54942482071.2,54942482071.2
2019-06-21,'600383,金地集团,12.22,12.33,12.09,12.18,12.23,-0.01,-0.0818,0.4952,22354862,272470935.0,55168211249.8,55168211249.8
2019-06-20,'600383,金地集团,12.23,12.25,11.83,11.91,11.9,0.33,2.7731,0.7216,32575818,393587182.0,55213357085.6,55213357085.6
2019-06-19,'600383,金地集团,11.9,12.09,11.82,12.06,11.81,0.09,0.7621,0.4121,18604371,222127779.0,53723544506.8,53723544506.8
2019-06-18,'600383,金地集团,11.81,11.93,11.75,11.89,11.86,-0.05,-0.4216,0.2206,9958213,117557698.0,53317231985.3,53317231985.3
2019-06-17,'600383,金地集团,11.86,11.97,11.72,11.87,11.84,0.02,0.1689,0.2718,12271017,145829504.0,53542961163.9,53542961163.9
2019-06-14,'600383,金地集团,11.84,12.1,11.79,12.0,11.92,-0.08,-0.6711,0.3056,13796762,164775383.0,53452669492.5,53452669492.5
2019-06-13,'600383,金地集团,11.92,12.02,11.87,12.01,12.04,-0.12,-0.9967,0.2349,10604488,126545449.0,53813836178.2,53813836178.2
2019-06-12,'600383,金地集团,12.04,12.16,11.96,12.1,12.18,-0.14,-1.1494,0.377,17020416,204705550.0,54355586206.9,54355586206.9
2019-06-11,'600383,金地集团,12.18,12.18,11.87,11.92,11.92,0.26,2.1812,0.605,27311314,330764948.0,54987627907.0,54987627907.0
2019-06-10,'600383,金地集团,11.92,12.1,11.67,11.72,11.66,0.26,2.2298,0.5817,26260039,313497289.0,53813836178.2,53813836178.2
2019-06-06,'600383,金地集团,11.66,11.8,11.59,11.63,11.7,-0.04,-0.3419,0.3949,17829530,208396513.0,52640044449.5,52640044449.5
2019-06-05,'600383,金地集团,11.7,11.87,11.44,11.55,11.41,0.29,2.5416,0.6823,30802064,359694653.0,52820627792.4,52820627792.4
2019-06-04,'600383,金地集团,11.41,11.53,11.3,11.51,11.51,-0.1,-0.8688,0.2445,11039349,125640683.0,51511398556.5,51511398556.5
2019-06-03,'600383,金地集团,11.51,11.68,11.44,11.58,11.59,-0.08,-0.6903,0.2795,12619923,145491043.0,51962856913.7,51962856913.7
2019-05-31,'600383,金地集团,11.59,11.67,11.4,11.48,11.46,0.13,1.1344,0.2954,13336536,154363478.0,52324023599.5,52324023599.5
2019-05-30,'600383,金地集团,11.46,11.59,11.41,11.58,11.58,-0.12,-1.0363,0.3225,14557770,166930213.0,51737127735.1,51737127735.1
2019-05-29,'600383,金地集团,11.58,11.76,11.53,11.7,11.83,-0.25,-2.1133,0.4221,19054193,221554868.0,52278877763.8,52278877763.8
2019-05-28,'600383,金地集团,11.83,11.83,11.59,11.64,11.64,0.19,1.6323,0.4666,21066226,247282628.0,53407523656.8,53407523656.8
2019-05-27,'600383,金地集团,11.64,11.72,11.38,11.57,11.55,0.09,0.7792,0.3634,16407762,189604959.0,52549752778.1,52549752778.1
2019-05-24,'600383,金地集团,11.55,11.76,11.52,11.65,11.62,-0.07,-0.6024,0.3084,13922697,161570583.0,52143440256.6,52143440256.6
2019-05-23,'600383,金地集团,11.62,11.83,11.55,11.72,11.78,-0.16,-1.3582,0.4221,19057780,222946355.0,52459461106.6,52459461106.6
2019-05-22,'600383,金地集团,11.78,11.88,11.72,11.8,11.82,-0.04,-0.3384,0.3077,13893525,163997738.0,53181794478.2,53181794478.2
2019-05-21,'600383,金地集团,11.82,11.91,11.4,11.49,11.49,0.33,2.8721,0.4344,19610202,230354462.0,53362377821.0,53362377821.0
2019-05-20,'600383,金地集团,11.49,11.73,11.34,11.62,11.62,-0.13,-1.1188,0.3656,16504470,189638577.0,51872565242.3,51872565242.3
2019-05-17,'600383,金地集团,11.62,12.11,11.57,12.11,12.09,-0.47,-3.8875,0.4289,19362681,228490286.0,52459461106.6,52459461106.6
2019-05-16,'600383,金地集团,12.09,12.1,11.88,11.91,11.92,0.17,1.4262,0.556,25102696,301549071.0,54581315385.5,54581315385.5
2019-05-15,'600383,金地集团,11.92,12.03,11.74,11.77,11.66,0.26,2.2298,0.5226,23594481,280432428.0,53813836178.2,53813836178.2
2019-05-14,'600383,金地集团,11.66,11.82,11.44,11.48,11.59,0.07,0.604,0.4718,21300980,249194279.0,52640044449.5,52640044449.5
2019-05-13,'600383,金地集团,11.59,11.69,11.54,11.59,11.78,-0.19,-1.6129,0.3895,17582829,203996276.0,52324023599.5,52324023599.5
2019-05-10,'600383,金地集团,11.78,11.81,11.35,11.45,11.29,0.49,4.3401,0.7036,31763330,368288118.0,53181794478.2,53181794478.2
2019-05-09,'600383,金地集团,11.29,11.67,11.25,11.59,11.57,-0.28,-2.4201,0.5005,22595733,257197636.0,50969648527.9,50969648527.9
2019-05-08,'600383,金地集团,11.57,11.8,11.39,11.43,11.61,-0.04,-0.3445,0.6596,29775979,345679094.0,52233731928.0,52233731928.0
2019-05-07,'600383,金地集团,11.61,11.72,11.39,11.5,11.43,0.18,1.5748,0.5662,25563479,296039465.0,52414315270.9,52414315270.9
2019-05-06,'600383,金地集团,11.43,11.86,11.19,11.71,12.13,-0.7,-5.7708,1.0181,45960801,533033405.0,51601690228.0,51601690228.0
2019-04-30,'600383,金地集团,12.13,12.23,11.95,12.11,12.05,0.08,0.6639,0.7189,32455327,392796916.0,54761898728.4,54761898728.4
2019-04-29,'600383,金地集团,12.05,12.36,11.8,12.16,12.14,-0.09,-0.7414,0.8472,38245394,462652078.0,54400732042.6,54400732042.6
2019-04-26,'600383,金地集团,12.14,12.36,12.06,12.13,12.13,0.01,0.0824,0.5618,25361114,309064509.0,54807044564.1,54807044564.1
2019-04-25,'600383,金地集团,12.13,12.53,12.11,12.43,12.44,-0.31,-2.492,0.5185,23408988,288751766.0,54761898728.4,54761898728.4
2019-04-24,'600383,金地集团,12.44,12.46,12.17,12.35,12.29,0.15,1.2205,0.5583,25206121,310679670.0,56161419635.7,56161419635.7
2019-04-23,'600383,金地集团,12.29,12.55,12.16,12.34,12.29,0.0,0.0,0.8328,37596004,465384037.0,55484232099.9,55484232099.9
2019-04-22,'600383,金地集团,12.29,12.91,12.2,12.9,13.09,-0.8,-6.1115,1.3465,60789672,756553995.0,55484232099.9,55484232099.9
2019-04-19,'600383,金地集团,13.09,13.17,12.89,13.01,13.0,0.09,0.6923,0.622,28078653,365042866.0,59095898957.5,59095898957.5
2019-04-18,'600383,金地集团,13.0,13.14,12.96,13.14,13.2,-0.2,-1.5152,0.7231,32644839,425131905.0,58689586436.0,58689586436.0
2019-04-17,'600383,金地集团,13.2,13.55,12.96,13.45,13.62,-0.42,-3.0837,1.3472,60818973,802497169.0,59592503150.4,59592503150.4
2019-04-16,'600383,金地集团,13.62,13.63,12.9,13.45,13.53,0.09,0.6652,1.1008,49697493,657383091.0,61488628250.6,61488628250.6
2019-04-15,'600383,金地集团,13.53,14.25,13.51,14.2,13.78,-0.25,-1.8142,0.8217,37097934,514219364.0,61082315729.2,61082315729.2
2019-04-12,'600383,金地集团,13.78,13.99,13.65,13.9,13.9,-0.12,-0.8633,0.4369,19723744,272149622.0,62210961622.2,62210961622.2
2019-04-11,'600383,金地集团,13.9,14.41,13.75,14.24,14.3,-0.4,-2.7972,0.622,28080853,393252845.0,62752711650.8,62752711650.8
2019-04-10,'600383,金地集团,14.3,14.69,14.18,14.55,14.77,-0.47,-3.1821,0.8792,39691804,570440525.0,64558545079.6,64558545079.6
2019-04-09,'600383,金地集团,14.77,14.77,14.22,14.31,14.1,0.67,4.7518,1.3448,60710278,880851203.0,66680399358.4,66680399358.4
2019-04-08,'600383,金地集团,14.1,14.47,13.61,14.2,14.24,-0.14,-0.9831,0.9414,42502222,594743580.0,63655628365.2,63655628365.2
2019-04-04,'600383,金地集团,14.24,14.64,14.01,14.29,14.28,-0.04,-0.2801,0.9732,43933912,629146688.0,64287670065.3,64287670065.3
2019-04-03,'600383,金地集团,14.28,14.43,13.49,13.66,13.77,0.51,3.7037,0.9076,40975571,574880659.0,64468253408.2,64468253408.2
2019-04-02,'600383,金地集团,13.77,14.07,13.7,14.0,14.12,-0.35,-2.4788,0.7963,35950005,497064764.0,62165815786.4,62165815786.4
2019-04-01,'600383,金地集团,14.12,14.48,13.86,13.86,13.75,0.37,2.6909,1.4523,65564846,930409185.0,63745920036.6,63745920036.6
2019-03-29,'600383,金地集团,13.75,13.8,12.81,12.85,12.78,0.97,7.59,1.2767,57635873,771808298.0,62075524115.0,62075524115.0
2019-03-28,'600383,金地集团,12.78,13.03,12.67,12.87,12.94,-0.16,-1.2365,0.6766,30547746,391210653.0,57696378050.2,57696378050.2
2019-03-27,'600383,金地集团,12.94,13.08,12.62,12.67,12.66,0.28,2.2117,0.7717,34837168,446672364.0,58418711421.7,58418711421.7
2019-03-26,'600383,金地集团,12.66,13.1,12.42,12.9,12.81,-0.15,-1.171,0.9609,43382514,551615647.0,57154628021.5,57154628021.5
2019-03-25,'600383,金地集团,12.81,13.32,12.75,13.02,13.36,-0.55,-4.1168,0.9085,41016580,533112661.0,57831815557.3,57831815557.3
2019-03-22,'600383,金地集团,13.36,13.5,13.04,13.29,13.45,-0.09,-0.6691,0.6737,30416957,403131959.0,60314836521.9,60314836521.9
2019-03-21,'600383,金地集团,13.45,13.93,13.38,13.7,13.65,-0.2,-1.4652,1.1695,52798104,717642927.0,60721149043.4,60721149043.4
2019-03-20,'600383,金地集团,13.65,13.65,13.01,13.16,13.31,0.34,2.5545,1.4034,63355752,846673756.0,61624065757.8,61624065757.8
2019-03-19,'600383,金地集团,13.31,13.88,13.0,13.42,13.42,-0.11,-0.8197,1.4567,65763607,879448887.0,60089107343.3,60089107343.3
2019-03-18,'600383,金地集团,13.42,13.42,12.39,12.4,12.2,1.22,10.0,2.178,98329815,1274486523.0,60585711536.2,60585711536.2
2019-03-15,'600383,金地集团,12.2,12.58,11.87,11.9,11.93,0.27,2.2632,1.0951,49438396,605907424.0,55077919578.4,55077919578.4
2019-03-14,'600383,金地集团,11.93,12.54,11.73,12.25,12.25,-0.32,-2.6122,1.0313,46559279,563883264.0,53858982014.0,53858982014.0
2019-03-13,'600383,金地集团,12.25,12.43,11.5,11.65,11.62,0.63,5.4217,1.3924,62862398,757775468.0,55303648757.0,55303648757.0
2019-03-12,'600383,金地集团,11.62,11.98,11.51,11.83,11.73,-0.11,-0.9378,0.7879,35569905,418273936.0,52459461106.6,52459461106.6
2019-03-11,'600383,金地集团,11.73,11.77,11.23,11.3,11.67,0.06,0.5141,0.9793,44210548,507294813.0,52956065299.6,52956065299.6
2019-03-08,'600383,金地集团,11.67,12.0,11.57,11.97,12.1,-0.43,-3.5537,1.0157,45853427,540123198.0,52685190285.2,52685190285.2
2019-03-07,'600383,金地集团,12.1,12.55,12.01,12.54,12.56,-0.46,-3.6624,1.2703,57347445,697889293.0,54626461221.2,54626461221.2
2019-03-06,'600383,金地集团,12.56,12.63,12.23,12.63,12.65,-0.09,-0.7115,0.9002,40641514,507226687.0,56703169664.3,56703169664.3
2019-03-05,'600383,金地集团,12.65,12.88,12.23,12.33,12.37,0.28,2.2635,1.5882,71700021,903931530.0,57109482185.8,57109482185.8
2019-03-04,'600383,金地集团,12.37,12.58,11.55,11.6,11.45,0.92,8.0349,2.1679,97869621,1186030659.0,55845398785.6,55845398785.6
2019-03-01,'600383,金地集团,11.45,11.45,11.13,11.42,11.31,0.14,1.2378,0.7383,33331061,376068065.0,51691981899.4,51691981899.4
2019-02-28,'600383,金地集团,11.31,11.58,11.25,11.35,11.35,-0.04,-0.3524,0.6943,31345386,357634012.0,51059940199.3,51059940199.3
2019-02-27,'600383,金地集团,11.35,11.55,11.12,11.25,11.25,0.1,0.8889,1.0458,47211586,534251645.0,51240523542.2,51240523542.2
2019-02-26,'600383,金地集团,11.25,11.68,11.2,11.35,11.38,-0.13,-1.1424,0.8621,38921206,445515370.0,50789065185.0,50789065185.0
2019-02-25,'600383,金地集团,11.38,11.46,10.9,10.96,10.89,0.49,4.4995,0.9868,44548402,499216973.0,51375961049.4,51375961049.4
2019-02-22,'600383,金地集团,10.89,10.91,10.71,10.79,10.78,0.11,1.0204,0.3814,17218816,186441355.0,49163815099.1,49163815099.1
2019-02-21,'600383,金地集团,10.78,11.04,10.74,11.01,10.98,-0.2,-1.8215,0.5018,22655880,246752592.0,48667210906.2,48667210906.2
2019-02-20,'600383,金地集团,10.98,11.19,10.83,10.87,10.86,0.12,1.105,0.6407,28925595,319113465.0,49570127620.6,49570127620.6
2019-02-19,'600383,金地集团,10.86,11.15,10.75,11.15,11.05,-0.19,-1.7195,0.6011,27135194,297000314.0,49028377591.9,49028377591.9
2019-02-18,'600383,金地集团,11.05,11.13,10.9,10.92,10.86,0.19,1.7495,0.4486,20253480,223495118.0,49886148470.6,49886148470.6
2019-02-15,'600383,金地集团,10.86,11.25,10.85,11.25,11.32,-0.46,-4.0636,0.5538,25000002,274811226.0,49028377591.9,49028377591.9
2019-02-14,'600383,金地集团,11.32,11.33,11.11,11.16,11.17,0.15,1.3429,0.3996,18040925,202340650.0,51105086035.0,51105086035.0
2019-02-13,'600383,金地集团,11.17,11.33,10.96,11.12,11.15,0.02,0.1794,0.9328,42112453,469815617.0,50427898499.2,50427898499.2
2019-02-12,'600383,金地集团,11.15,11.15,10.79,10.88,10.97,0.18,1.6408,0.5353,24164406,264788781.0,50337606827.8,50337606827.8
2019-02-11,'600383,金地集团,10.97,11.05,10.6,10.98,11.0,-0.03,-0.2727,0.6496,29325472,317029016.0,49524981784.8,49524981784.8
2019-02-01,'600383,金地集团,11.0,11.15,10.87,11.05,10.96,0.04,0.365,0.4528,20442502,224197648.0,49660419292.0,49660419292.0
2019-01-31,'600383,金地集团,10.96,11.15,10.85,10.88,10.94,0.02,0.1828,0.6644,29996583,329069677.0,49479835949.1,49479835949.1
2019-01-30,'600383,金地集团,10.94,11.14,10.44,10.49,10.56,0.38,3.5985,1.2008,54211719,590830646.0,49389544277.7,49389544277.7
2019-01-29,'600383,金地集团,10.56,10.64,10.04,10.09,10.09,0.47,4.6581,0.6637,29961956,310712848.0,47674002520.3,47674002520.3
2019-01-28,'600383,金地集团,10.09,10.3,10.06,10.18,10.1,-0.01,-0.099,0.2416,10905011,110499056.0,45552148241.5,45552148241.5
2019-01-25,'600383,金地集团,10.1,10.22,9.95,10.06,9.99,0.11,1.1011,0.4678,21119958,212870516.0,45597294077.2,45597294077.2
2019-01-24,'600383,金地集团,9.99,10.01,9.85,9.95,9.92,0.07,0.7056,0.2653,11976419,119225862.0,45100689884.3,45100689884.3
2019-01-23,'600383,金地集团,9.92,10.03,9.89,9.97,10.05,-0.13,-1.2935,0.2677,12083545,120041873.0,44784669034.2,44784669034.2
2019-01-22,'600383,金地集团,10.05,10.23,9.93,9.99,9.96,0.09,0.9036,0.5203,23488219,236785587.0,45371564898.6,45371564898.6
2019-01-21,'600383,金地集团,9.96,10.3,9.88,10.2,10.21,-0.25,-2.4486,0.5078,22924601,230396802.0,44965252377.1,44965252377.1
2019-01-18,'600383,金地集团,10.21,10.21,10.09,10.12,10.15,0.06,0.5911,0.3219,14532928,147587531.0,46093898270.1,46093898270.1
2019-01-17,'600383,金地集团,10.15,10.21,10.01,10.06,10.01,0.14,1.3986,0.3359,15163436,153860218.0,45823023255.8,45823023255.8
2019-01-16,'600383,金地集团,10.01,10.16,10.01,10.08,10.08,-0.07,-0.6944,0.3047,13756429,138681612.0,45190981555.7,45190981555.7
2019-01-15,'600383,金地集团,10.08,10.14,9.82,10.01,10.0,0.08,0.8,0.3409,15389980,153886147.0,45507002405.8,45507002405.8
2019-01-14,'600383,金地集团,10.0,10.18,9.93,10.05,10.1,-0.1,-0.9901,0.221,9975417,100175080.0,45145835720.0,45145835720.0
2019-01-11,'600383,金地集团,10.1,10.15,9.9,9.96,9.94,0.16,1.6097,0.2242,10121376,101882049.0,45597294077.2,45597294077.2
2019-01-10,'600383,金地集团,9.94,10.14,9.92,10.04,10.08,-0.14,-1.3889,0.2552,11519068,115598804.0,44874960705.7,44874960705.7
2019-01-09,'600383,金地集团,10.08,10.21,9.71,9.75,9.82,0.26,2.6477,0.4958,22384735,225715145.0,45507002405.8,45507002405.8
2019-01-08,'600383,金地集团,9.82,9.95,9.72,9.87,9.88,-0.06,-0.6073,0.2676,12082694,118717001.0,44333210677.0,44333210677.0
2019-01-07,'600383,金地集团,9.88,10.13,9.81,9.9,9.84,0.04,0.4065,0.4332,19556244,194834691.0,44604085691.4,44604085691.4
2019-01-04,'600383,金地集团,9.84,9.86,9.4,9.4,9.5,0.34,3.5789,0.3492,15762865,152479645.0,44423502348.5,44423502348.5
2019-01-03,'600383,金地集团,9.5,9.62,9.31,9.31,9.4,0.1,1.0638,0.2528,11414689,108220339.0,42888543934.0,42888543934.0
2019-01-02,'600383,金地集团,9.4,9.62,9.3,9.6,9.62,-0.22,-2.2869,0.2466,11135056,104673946.0,42437085576.8,42437085576.8
2018-12-28,'600383,金地集团,9.62,9.64,9.44,9.53,9.55,0.07,0.733,0.3151,14226068,135811397.0,43430293962.6,43430293962.6
2018-12-27,'600383,金地集团,9.55,9.62,9.46,9.5,9.37,0.18,1.921,0.2954,13334827,127275591.0,43114273112.6,43114273112.6
2018-12-26,'600383,金地集团,9.37,9.45,9.27,9.34,9.36,0.01,0.1068,0.2838,12810818,120114705.0,42301648069.6,42301648069.6
2018-12-25,'600383,金地集团,9.36,9.38,9.2,9.32,9.4,-0.04,-0.4255,0.2472,11157903,103680854.0,42256502233.9,42256502233.9
2018-12-24,'600383,金地集团,9.4,9.46,9.31,9.4,9.4,0.0,0.0,0.2691,12150897,113906517.0,42437085576.8,42437085576.8
2018-12-21,'600383,金地集团,9.4,9.65,9.26,9.58,9.62,-0.22,-2.2869,0.5367,24230238,226944772.0,42437085576.8,42437085576.8
2018-12-20,'600383,金地集团,9.62,9.79,9.59,9.71,9.66,-0.04,-0.4141,0.2931,13230642,128314004.0,43430293962.6,43430293962.6
2018-12-19,'600383,金地集团,9.66,9.92,9.63,9.79,9.69,-0.03,-0.3096,0.2912,13145875,128443657.0,43610877305.5,43610877305.5
2018-12-18,'600383,金地集团,9.69,10.02,9.59,9.95,10.06,-0.37,-3.6779,0.414,18689080,182636320.0,43746314812.7,43746314812.7
2018-12-17,'600383,金地集团,10.06,10.08,9.87,9.9,9.94,0.12,1.2072,0.424,19141394,191022632.0,45416710734.3,45416710734.3
2018-12-14,'600383,金地集团,9.94,10.2,9.92,10.2,10.15,-0.21,-2.069,0.4626,20886108,209681755.0,44874960705.7,44874960705.7
2018-12-13,'600383,金地集团,10.15,10.31,10.05,10.13,10.08,0.07,0.6944,0.6558,29605142,301884636.0,45823023255.8,45823023255.8
2018-12-12,'600383,金地集团,10.08,10.19,9.93,9.94,9.92,0.16,1.6129,0.6138,27710677,279183207.0,45507002405.8,45507002405.8
2018-12-11,'600383,金地集团,9.92,9.98,9.57,9.67,9.53,0.39,4.0923,0.4916,22192256,218013137.0,44784669034.2,44784669034.2
2018-12-10,'600383,金地集团,9.53,9.75,9.51,9.68,9.69,-0.16,-1.6512,0.3198,14437752,139035928.0,43023981441.2,43023981441.2
2018-12-07,'600383,金地集团,9.69,9.72,9.32,9.43,9.41,0.28,2.9756,0.4076,18400198,177013162.0,43746314812.7,43746314812.7
2018-12-06,'600383,金地集团,9.41,9.53,9.35,9.49,9.54,-0.13,-1.3627,0.362,16343426,154070165.0,42482231412.5,42482231412.5
2018-12-05,'600383,金地集团,9.54,9.76,9.27,9.27,9.4,0.14,1.4894,0.4805,21693762,207371594.0,43069127276.9,43069127276.9
2018-12-04,'600383,金地集团,9.4,9.65,9.29,9.62,9.64,-0.24,-2.4896,0.3533,15949614,150190287.0,42437085576.8,42437085576.8
2018-12-03,'600383,金地集团,9.64,9.74,9.53,9.68,9.51,0.13,1.367,0.3399,15347230,148212390.0,43520585634.1,43520585634.1
2018-11-30,'600383,金地集团,9.51,9.52,9.35,9.45,9.47,0.04,0.4224,0.1996,9011717,85129681.0,42933689769.7,42933689769.7
2018-11-29,'600383,金地集团,9.47,9.78,9.44,9.63,9.56,-0.09,-0.9414,0.3003,13559432,130455505.0,42753106426.8,42753106426.8
2018-11-28,'600383,金地集团,9.56,9.69,9.48,9.53,9.51,0.05,0.5258,0.3245,14650286,140423160.0,43159418948.3,43159418948.3
2018-11-27,'600383,金地集团,9.51,9.67,9.44,9.52,9.49,0.02,0.2107,0.2399,10830930,103617144.0,42933689769.7,42933689769.7
2018-11-26,'600383,金地集团,9.49,9.69,9.43,9.49,9.49,0.0,0.0,0.196,8847412,84672013.0,42843398098.3,42843398098.3
2018-11-23,'600383,金地集团,9.49,9.75,9.47,9.7,9.72,-0.23,-2.3663,0.3028,13671531,130927236.0,42843398098.3,42843398098.3
2018-11-22,'600383,金地集团,9.72,9.9,9.69,9.85,9.86,-0.14,-1.4199,0.2317,10461191,101979361.0,43881752319.8,43881752319.8
2018-11-21,'600383,金地集团,9.86,9.96,9.63,9.65,9.74,0.12,1.232,0.6441,29080683,286912039.0,44513794019.9,44513794019.9
2018-11-20,'600383,金地集团,9.74,10.05,9.69,9.85,9.97,-0.23,-2.3069,0.474,21399307,209390462.0,43972043991.3,43972043991.3
2018-11-19,'600383,金地集团,9.97,9.98,9.49,9.57,9.52,0.45,4.7269,0.7164,32340552,318707915.0,45010398212.8,45010398212.8
2018-11-16,'600383,金地集团,9.52,9.73,9.42,9.56,9.55,-0.03,-0.3141,0.5848,26399920,253275137.0,42978835605.4,42978835605.4
2018-11-15,'600383,金地集团,9.55,9.56,9.36,9.36,9.36,0.19,2.0299,0.2826,12756412,121098765.0,43114273112.6,43114273112.6
2018-11-14,'600383,金地集团,9.36,9.65,9.35,9.55,9.51,-0.15,-1.5773,0.313,14130864,133595964.0,42256502233.9,42256502233.9
2018-11-13,'600383,金地集团,9.51,9.6,9.34,9.34,9.4,0.11,1.1702,0.6197,27974817,265174193.0,42933689769.7,42933689769.7
2018-11-12,'600383,金地集团,9.4,9.54,9.19,9.19,9.18,0.22,2.3965,0.4456,20115335,188611591.0,42437085576.8,42437085576.8
2018-11-09,'600383,金地集团,9.18,9.36,9.16,9.3,9.32,-0.14,-1.5021,0.3149,14215937,131451422.0,41443877191.0,41443877191.0
2018-11-08,'600383,金地集团,9.32,9.48,9.27,9.4,9.31,0.01,0.1074,0.2981,13457904,125901340.0,42075918891.0,42075918891.0
2018-11-07,'600383,金地集团,9.31,9.57,9.26,9.45,9.44,-0.13,-1.3771,0.3168,14303780,134242516.0,42030773055.3,42030773055.3
2018-11-06,'600383,金地集团,9.44,9.46,9.16,9.25,9.24,0.2,2.1645,0.3563,16084516,150259148.0,42617668919.7,42617668919.7
2018-11-05,'600383,金地集团,9.24,9.28,9.08,9.19,9.3,-0.06,-0.6452,0.3243,14641274,134388034.0,41714752205.3,41714752205.3
2018-11-02,'600383,金地集团,9.3,9.37,9.04,9.35,9.14,0.16,1.7505,0.5863,26470367,243300323.0,41985627219.6,41985627219.6
2018-11-01,'600383,金地集团,9.14,9.4,9.13,9.3,9.16,-0.02,-0.2183,0.8089,36519628,339322847.0,41263293848.1,41263293848.1
2018-10-31,'600383,金地集团,9.16,9.24,8.86,9.05,9.03,0.13,1.4396,0.5729,25864761,234626715.0,41353585519.5,41353585519.5
2018-10-30,'600383,金地集团,9.03,9.16,8.53,8.6,8.48,0.55,6.4858,0.7391,33366602,297460362.0,40766689655.2,40766689655.2
2018-10-29,'600383,金地集团,8.48,8.73,8.37,8.64,8.61,-0.13,-1.5099,0.2905,13115769,111623032.0,38283668690.6,38283668690.6
2018-10-26,'600383,金地集团,8.61,9.01,8.36,8.41,8.39,0.22,2.6222,0.6308,28478663,247292765.0,38870564554.9,38870564554.9
2018-10-25,'600383,金地集团,8.39,8.4,7.97,8.0,8.21,0.18,2.1924,0.4547,20526459,169761548.0,37877356169.1,37877356169.1
2018-10-24,'600383,金地集团,8.21,8.34,8.08,8.13,8.15,0.06,0.7362,0.2459,11103609,91223292.0,37064731126.1,37064731126.1
2018-10-23,'600383,金地集团,8.15,8.34,8.09,8.33,8.37,-0.22,-2.6284,0.2772,12513898,102870060.0,36793856111.8,36793856111.8
2018-10-22,'600383,金地集团,8.37,8.47,8.09,8.09,8.08,0.29,3.5891,0.5679,25638900,212981678.0,37787064497.6,37787064497.6
2018-10-19,'600383,金地集团,8.08,8.08,7.62,7.67,7.72,0.36,4.6632,0.4095,18486962,145387505.0,36477835261.8,36477835261.8
2018-10-18,'600383,金地集团,7.72,7.83,7.65,7.77,7.8,-0.08,-1.0256,0.1765,7968907,61841620.0,34852585175.8,34852585175.8
2018-10-17,'600383,金地集团,7.8,7.86,7.69,7.82,7.73,0.07,0.9056,0.2633,11884808,92225021.0,35213751861.6,35213751861.6
2018-10-16,'600383,金地集团,7.73,8.1,7.61,8.05,8.05,-0.32,-3.9752,0.3705,16726255,131728592.0,34897731011.6,34897731011.6
2018-10-15,'600383,金地集团,8.05,8.19,7.98,8.12,8.18,-0.13,-1.5892,0.2727,12312713,99672194.0,36342397754.6,36342397754.6
2018-10-12,'600383,金地集团,8.18,8.24,7.92,8.17,8.2,-0.02,-0.2439,0.3732,16846788,136901631.0,36929293619.0,36929293619.0
2018-10-11,'600383,金地集团,8.2,8.68,8.07,8.6,8.79,-0.59,-6.7122,0.5309,23968014,199726407.0,37019585290.4,37019585290.4
2018-10-10,'600383,金地集团,8.79,8.85,8.68,8.75,8.75,0.04,0.4571,0.149,6727337,58968804.0,39683189597.9,39683189597.9
2018-10-09,'600383,金地集团,8.75,8.82,8.59,8.7,8.75,0.0,0.0,0.2434,10986274,95704164.0,39502606255.0,39502606255.0
2018-10-08,'600383,金地集团,8.75,8.92,8.69,8.86,9.07,-0.32,-3.5281,0.3216,14519605,127679524.0,39502606255.0,39502606255.0
2018-09-28,'600383,金地集团,9.07,9.19,9.03,9.11,9.05,0.02,0.221,0.325,14672968,133328309.0,40947272998.0,40947272998.0
2018-09-27,'600383,金地集团,9.05,9.14,8.99,9.04,9.04,0.01,0.1106,0.271,12233317,110909156.0,40856981326.6,40856981326.6
2018-09-26,'600383,金地集团,9.04,9.2,9.01,9.09,9.12,-0.08,-0.8772,0.3609,16293651,148331931.0,40811835490.9,40811835490.9
2018-09-25,'600383,金地集团,9.12,9.25,8.95,9.25,9.51,-0.39,-4.1009,0.7519,33945879,308379305.0,41173002176.6,41173002176.6
2018-09-21,'600383,金地集团,9.51,9.56,9.14,9.24,9.18,0.33,3.5948,0.514,23203727,217530683.0,42933689769.7,42933689769.7
2018-09-20,'600383,金地集团,9.18,9.28,9.15,9.21,9.27,-0.09,-0.9709,0.324,14627942,134508684.0,41443877191.0,41443877191.0
2018-09-19,'600383,金地集团,9.27,9.28,8.76,8.8,8.8,0.47,5.3409,0.6506,29373549,268926746.0,41850189712.4,41850189712.4
2018-09-18,'600383,金地集团,8.8,8.81,8.59,8.64,8.64,0.16,1.8519,0.1689,7624884,66465728.0,39728335433.6,39728335433.6
2018-09-17,'600383,金地集团,8.64,8.75,8.57,8.68,8.72,-0.08,-0.9174,0.1791,8085544,70001291.0,39006002062.1,39006002062.1
2018-09-14,'600383,金地集团,8.72,8.76,8.64,8.71,8.71,0.01,0.1148,0.1318,5951336,51761273.0,39367168747.8,39367168747.8
2018-09-13,'600383,金地集团,8.71,8.74,8.55,8.64,8.55,0.16,1.8713,0.1761,7951376,68706915.0,39322022912.1,39322022912.1
2018-09-12,'600383,金地集团,8.55,8.64,8.48,8.62,8.62,-0.07,-0.8121,0.1416,6393126,54736328.0,38599689540.6,38599689540.6
2018-09-11,'600383,金地集团,8.62,8.84,8.52,8.77,8.78,-0.16,-1.8223,0.2053,9270647,80042966.0,38915710390.6,38915710390.6
2018-09-10,'600383,金地集团,8.78,8.94,8.74,8.81,8.82,-0.04,-0.4535,0.2444,11032608,97479814.0,39638043762.2,39638043762.2
2018-09-07,'600383,金地集团,8.82,8.95,8.71,8.83,8.83,-0.01,-0.1133,0.1984,8958505,79116819.0,39818627105.0,39818627105.0
2018-09-06,'600383,金地集团,8.83,9.06,8.81,8.97,9.02,-0.19,-2.1064,0.2568,11593904,103464789.0,39863772940.8,39863772940.8
2018-09-05,'600383,金地集团,9.02,9.19,8.99,9.19,9.19,-0.17,-1.8498,0.2178,9834818,89164797.0,40721543819.4,40721543819.4
2018-09-04,'600383,金地集团,9.19,9.2,9.02,9.09,9.06,0.13,1.4349,0.2483,11211055,102186569.0,41489023026.7,41489023026.7
2018-09-03,'600383,金地集团,9.06,9.18,8.99,9.11,9.15,-0.09,-0.9836,0.2538,11458857,104044837.0,40902127162.3,40902127162.3
2018-08-31,'600383,金地集团,9.15,9.26,8.95,9.05,9.05,0.1,1.105,0.362,16341224,149100405.0,41308439683.8,41308439683.8
2018-08-30,'600383,金地集团,9.05,9.18,8.98,9.07,9.0,0.05,0.5556,0.4319,19496597,177028885.0,40856981326.6,40856981326.6
2018-08-29,'600383,金地集团,9.0,9.02,8.83,8.86,8.88,0.12,1.3514,0.298,13451307,120388755.0,40631252148.0,40631252148.0
2018-08-28,'600383,金地集团,8.88,8.98,8.83,8.93,8.92,-0.04,-0.4484,0.204,9211353,81873265.0,40089502119.4,40089502119.4
2018-08-27,'600383,金地集团,8.92,8.95,8.64,8.65,8.63,0.29,3.3604,0.3866,17453381,154157473.0,40270085462.2,40270085462.2
2018-08-24,'600383,金地集团,8.63,8.68,8.52,8.6,8.6,0.03,0.3488,0.1418,6401496,55017600.0,38960856226.4,38960856226.4
2018-08-23,'600383,金地集团,8.6,8.72,8.54,8.66,8.66,-0.06,-0.6928,0.1433,6468960,55867195.0,38825418719.2,38825418719.2
2018-08-22,'600383,金地集团,8.66,8.73,8.63,8.7,8.7,-0.04,-0.4598,0.1165,5257288,45578879.0,39096293733.5,39096293733.5
2018-08-21,'600383,金地集团,8.7,8.75,8.53,8.59,8.62,0.08,0.9281,0.2503,11299847,97883535.0,39276877076.4,39276877076.4
2018-08-20,'600383,金地集团,8.62,8.8,8.41,8.62,8.61,0.01,0.1161,0.4424,19973389,171457443.0,38915710390.6,38915710390.6
2018-08-17,'600383,金地集团,8.61,8.78,8.58,8.7,8.69,-0.08,-0.9206,0.2005,9050016,78604358.0,38870564554.9,38870564554.9
2018-08-16,'600383,金地集团,8.69,8.77,8.46,8.52,8.63,0.06,0.6952,0.2376,10724840,92723636.0,39231731240.7,39231731240.7
2018-08-15,'600383,金地集团,8.63,8.79,8.61,8.75,8.75,-0.12,-1.3714,0.1228,5545246,48104990.0,38960856226.4,38960856226.4
2018-08-14,'600383,金地集团,8.75,8.9,8.66,8.81,8.85,-0.1,-1.1299,0.1856,8377355,73324773.0,39502606255.0,39502606255.0
2018-08-13,'600383,金地集团,8.85,8.9,8.61,8.65,8.85,0.0,0.0,0.2259,10196222,89229863.0,39954064612.2,39954064612.2
2018-08-10,'600383,金地集团,8.85,9.1,8.8,8.8,8.74,0.11,1.2586,0.4484,20242411,180955892.0,39954064612.2,39954064612.2
2018-08-09,'600383,金地集团,8.74,8.84,8.46,8.5,8.54,0.2,2.3419,0.3023,13647243,119021675.0,39457460419.3,39457460419.3
2018-08-08,'600383,金地集团,8.54,8.71,8.53,8.63,8.63,-0.09,-1.0429,0.2018,9111010,78479090.0,38554543704.9,38554543704.9
2018-08-07,'600383,金地集团,8.63,8.64,8.36,8.46,8.39,0.24,2.8605,0.3723,16808614,143005288.0,38960856226.4,38960856226.4
2018-08-06,'600383,金地集团,8.39,8.54,8.29,8.54,8.54,-0.15,-1.7564,0.2872,12965850,108918011.0,37877356169.1,37877356169.1
2018-08-03,'600383,金地集团,8.54,8.64,8.45,8.55,8.61,-0.07,-0.813,0.2458,11096949,94564043.0,38554543704.9,38554543704.9
2018-08-02,'600383,金地集团,8.61,8.75,8.43,8.66,8.71,-0.1,-1.1481,0.3082,13913419,119430384.0,38870564554.9,38870564554.9
2018-08-01,'600383,金地集团,8.71,9.14,8.7,9.03,9.16,-0.45,-4.9127,0.5882,26553431,235586716.0,39322022912.1,39322022912.1
2018-07-31,'600383,金地集团,9.16,9.23,9.05,9.12,9.11,0.05,0.5488,0.245,11060244,101342346.0,41353585519.5,41353585519.5
2018-07-30,'600383,金地集团,9.11,9.26,9.06,9.17,9.15,-0.04,-0.4372,0.1971,8897561,81294091.0,41127856340.9,41127856340.9
2018-07-27,'600383,金地集团,9.15,9.23,9.05,9.05,9.11,0.04,0.4391,0.1998,9021022,82595920.0,41308439683.8,41308439683.8
2018-07-26,'600383,金地集团,9.11,9.3,9.06,9.2,9.2,-0.09,-0.9783,0.3629,16384294,150288543.0,41127856340.9,41127856340.9
2018-07-25,'600383,金地集团,9.2,9.27,9.09,9.16,9.19,0.01,0.1088,0.2949,13315154,122325120.0,41534168862.4,41534168862.4
2018-07-24,'600383,金地集团,9.19,9.4,9.01,9.01,8.94,0.25,2.7964,0.6755,30497413,281097131.0,41489023026.7,41489023026.7
2018-07-23,'600383,金地集团,8.94,9.0,8.57,8.58,8.67,0.27,3.1142,0.5409,24419568,215248262.0,40360377133.7,40360377133.7
2018-07-20,'600383,金地集团,8.67,8.72,8.4,8.51,8.51,0.16,1.8801,0.3305,14921418,127635099.0,39141439569.2,39141439569.2
2018-07-19,'600383,金地集团,8.51,8.65,8.49,8.59,8.55,-0.04,-0.4678,0.2325,10496152,89811458.0,38419106197.7,38419106197.7
2018-07-18,'600383,金地集团,8.55,8.71,8.54,8.7,8.67,-0.12,-1.3841,0.2268,10238212,88230381.0,38599689540.6,38599689540.6
2018-07-17,'600383,金地集团,8.67,8.71,8.6,8.68,8.69,-0.02,-0.2301,0.2472,11159394,96425261.0,39141439569.2,39141439569.2
2018-07-16,'600383,金地集团,8.69,8.9,8.61,8.89,8.88,-0.19,-2.1396,0.3226,14562006,127004575.0,39231731240.7,39231731240.7
2018-07-13,'600383,金地集团,8.88,9.09,8.85,9.02,8.91,-0.03,-0.3367,0.396,17877693,160127611.0,40089502119.4,40089502119.4
2018-07-12,'600383,金地集团,8.91,8.96,8.78,8.78,8.77,0.14,1.5964,0.4973,22450513,199562789.0,40224939626.5,40224939626.5
2018-07-11,'600383,XD金地集,8.77,9.0,8.66,9.0,9.15,-0.38,-4.153,0.4726,21335256,188351369.0,39592897926.4,39592897926.4
2018-07-10,'600383,金地集团,9.68,9.72,9.53,9.6,9.61,0.07,0.7284,0.5659,25546598,245682025.0,43701168977.0,43701168977.0
2018-07-09,'600383,金地集团,9.61,9.63,9.37,9.4,9.42,0.19,2.017,0.3205,14469146,137892020.0,43385148126.9,43385148126.9
2018-07-06,'600383,金地集团,9.42,9.46,9.06,9.43,9.42,0.0,0.0,0.4495,20292148,188766674.0,42527377248.2,42527377248.2
2018-07-05,'600383,金地集团,9.42,9.63,9.31,9.52,9.54,-0.12,-1.2579,0.266,12008120,113658565.0,42527377248.2,42527377248.2
2018-07-04,'600383,金地集团,9.54,9.74,9.5,9.68,9.65,-0.11,-1.1399,0.3813,17215588,165449426.0,43069127276.9,43069127276.9
2018-07-03,'600383,金地集团,9.65,9.66,9.4,9.56,9.55,0.1,1.0471,0.369,16659552,159106409.0,43565731469.8,43565731469.8
2018-07-02,'600383,金地集团,9.55,10.15,9.42,10.13,10.19,-0.64,-6.2807,0.5444,24575439,240935362.0,43114273112.6,43114273112.6
2018-06-29,'600383,金地集团,10.19,10.23,9.73,9.78,9.78,0.41,4.1922,0.4823,21771619,217407872.0,46003606598.7,46003606598.7
2018-06-28,'600383,金地集团,9.78,10.13,9.6,10.01,10.08,-0.3,-2.9762,0.5809,26224012,259429920.0,44152627334.2,44152627334.2
2018-06-27,'600383,金地集团,10.08,10.34,9.96,10.32,10.32,-0.24,-2.3256,0.437,19726836,199489953.0,45507002405.8,45507002405.8
2018-06-26,'600383,金地集团,10.32,10.54,10.06,10.5,10.73,-0.41,-3.8211,0.6013,27147564,279886723.0,46590502463.0,46590502463.0
2018-06-25,'600383,金地集团,10.73,11.46,10.7,11.44,11.34,-0.61,-5.3792,0.6232,28136130,312300024.0,48441481727.6,48441481727.6
2018-06-22,'600383,金地集团,11.34,11.35,10.94,11.14,11.19,0.15,1.3405,0.6876,31043013,346687249.0,51195377706.5,51195377706.5
2018-06-21,'600383,金地集团,11.19,11.49,11.03,11.08,11.09,0.1,0.9017,0.8662,39105906,441533755.0,50518190170.7,50518190170.7
2018-06-20,'600383,金地集团,11.09,11.14,10.67,10.84,10.86,0.23,2.1179,0.4778,21569952,236158355.0,50066731813.5,50066731813.5
2018-06-19,'600383,金地集团,10.86,11.19,10.66,11.02,11.19,-0.33,-2.9491,1.6423,74140825,818739496.0,49028377591.9,49028377591.9
2018-06-15,'600383,金地集团,11.19,11.3,10.82,10.85,10.84,0.35,3.2288,1.2534,56583929,632927122.0,50518190170.7,50518190170.7
2018-06-14,'600383,金地集团,10.84,10.86,10.67,10.78,10.85,-0.01,-0.0922,0.3562,16079345,173075185.0,48938085920.5,48938085920.5
2018-06-13,'600383,金地集团,10.85,11.05,10.75,10.79,10.81,0.04,0.37,0.3337,15064718,164762423.0,48983231756.2,48983231756.2
2018-06-12,'600383,金地集团,10.81,10.87,10.68,10.8,10.83,-0.02,-0.1847,0.2303,10396253,112239186.0,48802648413.3,48802648413.3
2018-06-11,'600383,金地集团,10.83,10.92,10.67,10.68,10.71,0.12,1.1204,0.3021,13640213,147452167.0,48892940084.8,48892940084.8
2018-06-08,'600383,金地集团,10.71,10.87,10.62,10.84,10.92,-0.21,-1.9231,0.2859,12906213,138182716.0,48351190056.1,48351190056.1
2018-06-07,'600383,金地集团,10.92,11.02,10.82,10.86,10.82,0.1,0.9242,0.4046,18266625,199630292.0,49299252606.2,49299252606.2
2018-06-06,'600383,金地集团,10.82,10.92,10.75,10.89,10.91,-0.09,-0.8249,0.3059,13810103,149328427.0,48847794249.0,48847794249.0
2018-06-05,'600383,金地集团,10.91,10.98,10.81,10.94,10.92,-0.01,-0.0916,0.3886,17541757,191219659.0,49254106770.5,49254106770.5
2018-06-04,'600383,金地集团,10.92,10.96,10.65,10.71,10.69,0.23,2.1515,0.5169,23337576,253556759.0,49299252606.2,49299252606.2
2018-06-01,'600383,金地集团,10.69,10.9,10.58,10.58,10.63,0.06,0.5644,0.4092,18474546,199151073.0,48260898384.7,48260898384.7
2018-05-31,'600383,金地集团,10.63,10.72,10.45,10.52,10.45,0.18,1.7225,0.3701,16709410,177032857.0,47990023370.4,47990023370.4
2018-05-30,'600383,金地集团,10.45,10.69,10.41,10.58,10.7,-0.25,-2.3364,0.3886,17541417,185038416.0,47177398327.4,47177398327.4
2018-05-29,'600383,金地集团,10.7,10.71,10.39,10.66,10.65,0.05,0.4695,0.5311,23978587,252952112.0,48306044220.4,48306044220.4
2018-05-28,'600383,金地集团,10.65,10.75,10.61,10.7,10.73,-0.08,-0.7456,0.2377,10732112,114585046.0,48080315041.8,48080315041.8
2018-05-25,'600383,金地集团,10.73,10.78,10.58,10.68,10.68,0.05,0.4682,0.3868,17461673,186240535.0,48441481727.6,48441481727.6
2018-05-24,'600383,金地集团,10.68,10.92,10.65,10.9,10.9,-0.22,-2.0183,0.4559,20582086,221973066.0,48215752549.0,48215752549.0
2018-05-23,'600383,金地集团,10.9,11.09,10.89,11.07,11.12,-0.22,-1.9784,0.4315,19480309,213996488.0,49208960934.8,49208960934.8
2018-05-22,'600383,金地集团,11.12,11.29,11.05,11.29,11.28,-0.16,-1.4184,0.4213,19018825,211564608.0,50202169320.6,50202169320.6
2018-05-21,'600383,金地集团,11.28,11.32,11.24,11.29,11.27,0.01,0.0887,0.3205,14470442,163211800.0,50924502692.2,50924502692.2
2018-05-18,'600383,金地集团,11.27,11.27,11.15,11.22,11.23,0.04,0.3562,0.3344,15097890,169440074.0,50879356856.4,50879356856.4
2018-05-17,'600383,金地集团,11.23,11.3,11.17,11.25,11.24,-0.01,-0.089,0.2141,9667418,108633008.0,50698773513.6,50698773513.6
2018-05-16,'600383,金地集团,11.24,11.35,11.19,11.35,11.38,-0.14,-1.2302,0.3574,16137308,181538727.0,50743919349.3,50743919349.3
2018-05-15,'600383,金地集团,11.38,11.39,11.27,11.32,11.31,0.07,0.6189,0.2628,11863136,134547139.0,51375961049.4,51375961049.4
2018-05-14,'600383,金地集团,11.31,11.39,11.27,11.32,11.33,-0.02,-0.1765,0.2461,11110548,125961106.0,51059940199.3,51059940199.3
2018-05-11,'600383,金地集团,11.33,11.47,11.31,11.45,11.45,-0.12,-1.048,0.3014,13604854,154625944.0,51150231870.8,51150231870.8
2018-05-10,'600383,金地集团,11.45,11.5,11.27,11.46,11.42,0.03,0.2627,0.3509,15840043,180379102.0,51691981899.4,51691981899.4
2018-05-09,'600383,金地集团,11.42,11.58,11.39,11.58,11.58,-0.16,-1.3817,0.398,17969104,206154685.0,51556544392.2,51556544392.2
2018-05-08,'600383,金地集团,11.58,11.67,11.34,11.35,11.38,0.2,1.7575,0.5775,26073376,301231843.0,52278877763.8,52278877763.8
2018-05-07,'600383,金地集团,11.38,11.41,11.17,11.23,11.2,0.18,1.6071,0.4613,20826713,235826639.0,51375961049.4,51375961049.4
2018-05-04,'600383,金地集团,11.2,11.36,11.19,11.24,11.25,-0.05,-0.4444,0.2943,13284444,149655369.0,50563336006.4,50563336006.4
2018-05-03,'600383,金地集团,11.25,11.3,11.1,11.2,11.21,0.04,0.3568,0.2975,13430904,150301968.0,50789065185.0,50789065185.0
2018-05-02,'600383,金地集团,11.21,11.3,11.13,11.21,11.21,0.0,0.0,0.2721,12285844,137650541.0,50608481842.1,50608481842.1
2018-04-27,'600383,金地集团,11.21,11.27,10.9,11.22,11.23,-0.02,-0.1781,0.4687,21158632,234989381.0,50608481842.1,50608481842.1
2018-04-26,'600383,金地集团,11.23,11.44,11.09,11.4,11.36,-0.13,-1.1444,0.505,22800269,255414876.0,50698773513.6,50698773513.6
2018-04-25,'600383,金地集团,11.36,11.5,11.34,11.46,11.55,-0.19,-1.645,0.3779,17059827,194502593.0,51285669377.9,51285669377.9
2018-04-24,'600383,金地集团,11.55,11.66,11.29,11.29,11.24,0.31,2.758,0.8391,37882843,437892675.0,52143440256.6,52143440256.6
2018-04-23,'600383,金地集团,11.24,11.27,11.1,11.17,11.23,0.01,0.089,0.4069,18369976,205681092.0,50743919349.3,50743919349.3
2018-04-20,'600383,金地集团,11.23,11.34,11.04,11.32,11.36,-0.13,-1.1444,0.6561,29618232,330581042.0,50698773513.6,50698773513.6
2018-04-19,'600383,金地集团,11.36,11.43,11.06,11.12,11.1,0.26,2.3423,0.7176,32394934,366105986.0,51285669377.9,51285669377.9
2018-04-18,'600383,金地集团,11.1,11.16,10.9,11.12,10.99,0.11,1.0009,0.8805,39752003,439430008.0,50111877649.2,50111877649.2
2018-04-17,'600383,金地集团,10.99,11.15,10.94,11.1,11.06,-0.07,-0.6329,0.4974,22453430,247750416.0,49615273456.3,49615273456.3
2018-04-16,'600383,金地集团,11.06,11.44,10.88,11.44,11.45,-0.39,-3.4061,0.6872,31025052,344413980.0,49931294306.3,49931294306.3
2018-04-13,'600383,金地集团,11.45,11.61,11.42,11.55,11.48,-0.03,-0.2613,0.2721,12282384,141128158.0,51691981899.4,51691981899.4
2018-04-12,'600383,金地集团,11.48,11.61,11.46,11.59,11.64,-0.16,-1.3746,0.3545,16006176,184476698.0,51827419406.6,51827419406.6
2018-04-11,'600383,金地集团,11.64,11.88,11.42,11.5,11.5,0.14,1.2174,0.747,33725337,393452339.0,52549752778.1,52549752778.1
2018-04-10,'600383,金地集团,11.5,11.52,11.14,11.14,11.14,0.36,3.2316,0.5609,25323194,287917526.0,51917711078.0,51917711078.0
2018-04-09,'600383,金地集团,11.14,11.24,11.03,11.15,11.17,-0.03,-0.2686,0.3099,13990362,155456875.0,50292460992.1,50292460992.1
2018-04-04,'600383,金地集团,11.17,11.37,11.15,11.24,11.24,-0.07,-0.6228,0.4735,21375464,240684252.0,50427898499.2,50427898499.2
2018-04-03,'600383,金地集团,11.24,11.43,11.15,11.38,11.5,-0.26,-2.2609,0.6645,30001191,338091219.0,50743919349.3,50743919349.3
2018-04-02,'600383,金地集团,11.5,11.85,11.49,11.6,11.66,-0.16,-1.3722,0.6417,28969670,338166176.0,51917711078.0,51917711078.0
2018-03-30,'600383,金地集团,11.66,11.89,11.6,11.86,11.99,-0.33,-2.7523,0.721,32549159,381941636.0,52640044449.5,52640044449.5
2018-03-29,'600383,金地集团,11.99,12.15,11.24,11.52,11.51,0.48,4.1703,1.4007,63235963,742026142.0,54129857028.3,54129857028.3
2018-03-28,'600383,金地集团,11.51,11.85,11.42,11.55,11.72,-0.21,-1.7918,0.6854,30944877,358462016.0,51962856913.7,51962856913.7
2018-03-27,'600383,金地集团,11.72,11.94,11.6,11.85,11.71,0.01,0.0854,0.6934,31306166,367754522.0,52910919463.8,52910919463.8
2018-03-26,'600383,金地集团,11.71,11.88,11.48,11.86,12.02,-0.31,-2.579,0.7572,34182761,397889317.0,52865773628.1,52865773628.1
2018-03-23,'600383,金地集团,12.02,12.09,11.6,11.97,12.25,-0.23,-1.8776,1.2221,55170727,658108815.0,54265294535.4,54265294535.4
2018-03-22,'600383,金地集团,12.25,12.32,12.08,12.25,12.27,-0.02,-0.163,0.4679,21125624,257823719.0,55303648757.0,55303648757.0
2018-03-21,'600383,金地集团,12.27,12.35,12.14,12.19,12.16,0.11,0.9046,0.5401,24383714,299231020.0,55393940428.4,55393940428.4
2018-03-20,'600383,金地集团,12.16,12.2,11.96,12.07,12.15,0.01,0.0823,0.4388,19809187,239256718.0,54897336235.5,54897336235.5
2018-03-19,'600383,金地集团,12.15,12.46,12.14,12.46,12.51,-0.36,-2.8777,0.7074,31937073,390464042.0,54852190399.8,54852190399.8
2018-03-16,'600383,金地集团,12.51,12.6,12.4,12.41,12.44,0.07,0.5627,0.6469,29206808,365485078.0,56477440485.7,56477440485.7
2018-03-15,'600383,金地集团,12.44,12.5,12.33,12.44,12.5,-0.06,-0.48,0.5899,26630963,330503322.0,56161419635.7,56161419635.7
2018-03-14,'600383,金地集团,12.5,12.54,12.23,12.33,12.33,0.17,1.3788,0.7034,31754243,394228380.0,56432294650.0,56432294650.0
2018-03-13,'600383,金地集团,12.33,12.43,12.22,12.25,12.28,0.05,0.4072,0.5441,24566041,303300109.0,55664815442.8,55664815442.8
2018-03-12,'600383,金地集团,12.28,12.54,12.12,12.51,12.48,-0.2,-1.6026,0.9239,41710447,512070077.0,55439086264.2,55439086264.2
2018-03-09,'600383,金地集团,12.48,12.61,12.29,12.56,12.5,-0.02,-0.16,0.6686,30182398,375806647.0,56342002978.6,56342002978.6
2018-03-08,'600383,金地集团,12.5,12.55,12.33,12.35,12.48,0.02,0.1603,0.5858,26446522,329054989.0,56432294650.0,56432294650.0
2018-03-07,'600383,金地集团,12.48,12.6,12.39,12.5,12.62,-0.14,-1.1094,0.7626,34429758,430378856.0,56342002978.6,56342002978.6
2018-03-06,'600383,金地集团,12.62,12.69,12.0,12.23,12.17,0.45,3.6976,1.3842,62492181,772988171.0,56974044678.6,56974044678.6
2018-03-05,'600383,金地集团,12.17,12.46,12.06,12.23,12.21,-0.04,-0.3276,0.8913,40239301,492714032.0,54942482071.2,54942482071.2
2018-03-02,'600383,金地集团,12.21,12.33,11.95,12.15,12.29,-0.08,-0.6509,1.0106,45626407,555201223.0,55123065414.1,55123065414.1
2018-03-01,'600383,金地集团,12.29,12.78,12.23,12.59,12.8,-0.51,-3.9844,1.736,78372571,976951944.0,55484232099.9,55484232099.9
2018-02-28,'600383,金地集团,12.8,12.96,12.3,12.35,12.46,0.34,2.7287,1.4662,66192196,839262721.0,57786669721.6,57786669721.6
2018-02-27,'600383,金地集团,12.46,12.8,12.34,12.78,12.76,-0.3,-2.3511,1.2469,56293764,704257353.0,56251711307.1,56251711307.1
2018-02-26,'600383,金地集团,12.76,13.21,12.4,13.18,13.03,-0.27,-2.0721,1.4801,66821706,849668631.0,57606086378.7,57606086378.7
2018-02-23,'600383,金地集团,13.03,13.25,12.86,12.96,12.95,0.08,0.6178,1.0955,49457619,647186203.0,58825023943.2,58825023943.2
2018-02-22,'600383,金地集团,12.95,13.0,12.62,12.73,12.49,0.46,3.6829,0.9773,44119071,566346683.0,58463857257.4,58463857257.4
2018-02-14,'600383,金地集团,12.49,12.67,12.26,12.65,12.62,-0.13,-1.0301,0.8903,40193366,499809979.0,56387148814.3,56387148814.3
2018-02-13,'600383,金地集团,12.62,13.15,12.56,12.72,12.6,0.02,0.1587,1.4043,63398682,812840598.0,56974044678.6,56974044678.6
2018-02-12,'600383,金地集团,12.6,12.74,12.31,12.6,12.6,0.0,0.0,1.1163,50396264,632991953.0,56883753007.2,56883753007.2
2018-02-09,'600383,金地集团,12.6,13.06,12.12,12.9,13.33,-0.73,-5.4764,1.6465,74332017,931336862.0,56883753007.2,56883753007.2
2018-02-08,'600383,金地集团,13.33,13.51,13.08,13.22,13.31,0.02,0.1503,1.4892,67233321,894232419.0,60179399014.8,60179399014.8
2018-02-07,'600383,金地集团,13.31,14.85,13.13,14.84,14.59,-1.28,-8.7731,2.9553,133418622,1824953552.0,60089107343.3,60089107343.3
2018-02-06,'600383,金地集团,14.59,15.35,14.24,15.2,15.69,-1.1,-7.0108,2.2266,100519612,1478331363.0,65867774315.5,65867774315.5
2018-02-05,'600383,金地集团,15.69,15.95,15.27,15.6,15.77,-0.08,-0.5073,1.4942,67457054,1048275744.0,70833816244.7,70833816244.7
2018-02-02,'600383,金地集团,15.77,15.9,15.03,15.4,15.8,-0.03,-0.1899,1.6207,73168470,1139557064.0,71194982930.4,71194982930.4
2018-02-01,'600383,金地集团,15.8,15.84,15.09,15.56,15.66,0.14,0.894,2.0752,93688005,1453771008.0,71330420437.6,71330420437.6
2018-01-31,'600383,金地集团,15.66,15.94,15.26,15.39,15.38,0.28,1.8205,1.4508,65499279,1023895788.0,70698378737.5,70698378737.5
2018-01-30,'600383,金地集团,15.38,16.35,15.34,16.3,16.34,-0.96,-5.8752,1.6047,72445175,1145919674.0,69434295337.4,69434295337.4
2018-01-29,'600383,金地集团,16.34,16.56,15.8,16.19,16.14,0.2,1.2392,1.3729,61979633,1003642175.0,73768295566.5,73768295566.5
2018-01-26,'600383,金地集团,16.14,16.49,15.59,15.62,15.69,0.45,2.8681,1.6619,75028627,1205928820.0,72865378852.1,72865378852.1
2018-01-25,'600383,金地集团,15.69,16.1,15.31,16.1,16.11,-0.42,-2.6071,1.8467,83372491,1303554777.0,70833816244.7,70833816244.7
2018-01-24,'600383,金地集团,16.11,16.75,15.98,16.37,16.52,-0.41,-2.4818,1.5015,67787719,1102584539.0,72729941344.9,72729941344.9
2018-01-23,'600383,金地集团,16.52,16.85,15.85,15.97,16.01,0.51,3.1855,2.3787,107387651,1750852132.0,74580920609.4,74580920609.4
2018-01-22,'600383,金地集团,16.01,16.12,15.63,15.94,15.91,0.1,0.6285,1.5338,69242953,1100764743.0,72278482987.7,72278482987.7
2018-01-19,'600383,金地集团,15.91,16.8,15.73,16.38,16.34,-0.43,-2.6316,1.9158,86488636,1406041259.0,71827024630.5,71827024630.5
2018-01-18,'600383,金地集团,16.34,16.98,16.13,16.74,16.71,-0.37,-2.2142,1.5882,71702525,1184585882.0,73768295566.5,73768295566.5
2018-01-17,'600383,金地集团,16.71,17.29,16.08,17.2,17.41,-0.7,-4.0207,2.5006,112890488,1890966439.0,75438691488.1,75438691488.1
2018-01-16,'600383,金地集团,17.41,17.53,15.6,15.71,15.94,1.47,9.2221,3.017,136205819,2254337630.0,78598899988.5,78598899988.5
2018-01-15,'600383,金地集团,15.94,16.37,15.67,15.92,15.92,0.02,0.1256,2.1026,94924272,1518589466.0,71962462137.7,71962462137.7
2018-01-12,'600383,金地集团,15.92,16.23,15.5,15.79,15.88,0.04,0.2519,1.3166,59439582,944542931.0,71872170466.2,71872170466.2
2018-01-11,'600383,金地集团,15.88,16.08,15.51,16.08,16.08,-0.2,-1.2438,1.3116,59212603,932227516.0,71691587123.4,71691587123.4
2018-01-10,'600383,金地集团,16.08,16.2,15.65,15.7,15.83,0.25,1.5793,1.4012,63260032,1007570913.0,72594503837.8,72594503837.8
2018-01-09,'600383,金地集团,15.83,15.95,15.3,15.31,15.46,0.37,2.3933,1.7683,79832889,1250045188.0,71465857944.8,71465857944.8
2018-01-08,'600383,金地集团,15.46,16.19,14.98,15.0,14.72,0.74,5.0272,3.5792,161584531,2502631767.0,69795462023.1,69795462023.1
2018-01-05,'600383,金地集团,14.72,15.2,13.9,14.0,13.82,0.9,6.5123,4.5229,204189526,2962254030.0,66454670179.8,66454670179.8
2018-01-04,'600383,金地集团,13.82,14.0,13.61,13.82,13.73,0.09,0.6555,2.1248,95925171,1322490620.0,62391544965.0,62391544965.0
2018-01-03,'600383,金地集团,13.73,13.97,13.61,13.64,13.82,-0.09,-0.6512,3.8305,172931830,2391975819.0,61985232443.6,61985232443.6
2018-01-02,'600383,金地集团,13.82,13.89,12.86,12.86,12.63,1.19,9.422,4.9532,223618217,3095515816.0,62391544965.0,62391544965.0
2017-12-29,'600383,金地集团,12.63,12.89,12.45,12.62,12.62,0.01,0.0792,0.7172,32380761,411219419.0,57019190514.4,57019190514.4
2017-12-28,'600383,金地集团,12.62,12.72,12.35,12.43,12.47,0.15,1.2029,0.5839,26361772,330971787.0,56974044678.6,56974044678.6
2017-12-27,'600383,金地集团,12.47,12.53,12.36,12.45,12.55,-0.08,-0.6375,0.5398,24368386,303254558.0,56296857142.8,56296857142.8
2017-12-26,'600383,金地集团,12.55,12.62,12.13,12.19,12.2,0.35,2.8689,1.1703,52832580,653947780.0,56658023828.6,56658023828.6
2017-12-25,'600383,金地集团,12.2,12.47,11.57,11.57,11.48,0.72,6.2718,1.5723,70983989,866428150.0,55077919578.4,55077919578.4
2017-12-22,'600383,金地集团,11.48,11.78,11.41,11.64,11.58,-0.1,-0.8636,0.416,18778614,217602160.0,51827419406.6,51827419406.6
2017-12-21,'600383,金地集团,11.58,11.91,11.3,11.33,11.33,0.25,2.2065,0.7534,34014879,395500425.0,52278877763.8,52278877763.8
2017-12-20,'600383,金地集团,11.33,11.52,11.28,11.5,11.56,-0.23,-1.9896,0.3989,18007513,204430799.0,51150231870.8,51150231870.8
2017-12-19,'600383,金地集团,11.56,11.58,11.44,11.46,11.45,0.11,0.9607,0.3158,14257244,164022842.0,52188586092.3,52188586092.3
2017-12-18,'600383,金地集团,11.45,11.54,11.35,11.46,11.49,-0.04,-0.3481,0.2991,13501836,154458805.0,51691981899.4,51691981899.4
2017-12-15,'600383,金地集团,11.49,11.75,11.47,11.73,11.71,-0.22,-1.8787,0.3201,14449225,167060896.0,51872565242.3,51872565242.3
2017-12-14,'600383,金地集团,11.71,12.05,11.66,11.9,11.96,-0.25,-2.0903,0.3943,17798952,210519230.0,52865773628.1,52865773628.1
2017-12-13,'600383,金地集团,11.96,11.97,11.8,11.93,11.93,0.03,0.2515,0.2585,11669269,138777655.0,53994419521.1,53994419521.1
2017-12-12,'600383,金地集团,11.93,12.21,11.91,11.98,12.07,-0.14,-1.1599,0.5004,22591256,272279271.0,53858982014.0,53858982014.0
2017-12-11,'600383,金地集团,12.07,12.2,11.85,12.16,12.21,-0.14,-1.1466,0.654,29523222,353196091.0,54491023714.0,54491023714.0
2017-12-08,'600383,金地集团,12.21,12.4,12.11,12.4,12.46,-0.25,-2.0064,0.4481,20226116,246781703.0,55111443936.1,55111443936.1
2017-12-07,'600383,金地集团,12.46,12.8,12.32,12.37,12.48,-0.02,-0.1603,0.5123,23121207,290699640.0,56239851879.1,56239851879.1
2017-12-06,'600383,金地集团,12.48,12.61,12.15,12.42,12.57,-0.09,-0.716,0.4664,21049463,261000949.0,56330124514.6,56330124514.6
2017-12-05,'600383,金地集团,12.57,12.7,12.21,12.27,12.33,0.24,1.9465,0.9455,42678211,533820918.0,56736351374.0,56736351374.0
2017-12-04,'600383,金地集团,12.33,12.35,11.8,12.25,12.39,-0.06,-0.4843,0.6065,27375948,331822027.0,55653079748.8,55653079748.8
2017-12-01,'600383,金地集团,12.39,12.58,12.18,12.28,12.39,0.0,0.0,0.6239,28158420,347883825.0,55923897655.1,55923897655.1
2017-11-30,'600383,金地集团,12.39,12.84,12.2,12.8,12.97,-0.58,-4.4719,1.1494,51881474,649239477.0,55923897655.1,55923897655.1
2017-11-29,'600383,金地集团,12.97,12.99,11.94,12.0,11.99,0.98,8.1735,1.4159,63910482,800151932.0,58541804082.8,58541804082.8
2017-11-28,'600383,金地集团,11.99,12.29,11.92,12.27,12.3,-0.31,-2.5203,0.5278,23822225,286792460.0,54118444946.3,54118444946.3
2017-11-27,'600383,金地集团,12.3,12.5,12.05,12.21,12.28,0.02,0.1629,0.6244,28185116,346232675.0,55517670795.6,55517670795.6
2017-11-24,'600383,金地集团,12.28,12.43,11.9,11.99,12.03,0.25,2.0781,0.5446,24579989,298232290.0,55427398160.2,55427398160.2
2017-11-23,'600383,金地集团,12.03,12.37,11.95,12.26,12.25,-0.22,-1.7959,0.5645,25477847,309168167.0,54298990217.2,54298990217.2
2017-11-22,'600383,金地集团,12.25,12.52,12.17,12.22,12.27,-0.02,-0.163,0.9336,42141256,521189261.0,55291989207.0,55291989207.0
2017-11-21,'600383,金地集团,12.27,12.29,11.54,11.54,11.62,0.65,5.5938,1.1605,52382612,632214116.0,55382261842.4,55382261842.4
2017-11-20,'600383,金地集团,11.62,11.74,11.46,11.71,11.77,-0.15,-1.2744,0.4873,21996848,255175812.0,52448401190.6,52448401190.6
2017-11-17,'600383,金地集团,11.77,11.83,11.43,11.57,11.57,0.2,1.7286,1.0392,46904004,545966159.0,53125445956.4,53125445956.4
2017-11-16,'600383,金地集团,11.57,11.59,11.22,11.24,11.28,0.29,2.5709,0.7328,33074435,380246886.0,52222719602.0,52222719602.0
2017-11-15,'600383,金地集团,11.28,11.31,11.13,11.2,11.24,0.04,0.3559,0.3596,16229262,182283243.0,50913766388.2,50913766388.2
2017-11-14,'600383,金地集团,11.24,11.31,11.08,11.15,11.17,0.07,0.6267,0.4088,18453976,206455534.0,50733221117.3,50733221117.3
2017-11-13,'600383,金地集团,11.17,11.31,11.12,11.27,11.26,-0.09,-0.7993,0.3702,16709486,187092750.0,50417266893.2,50417266893.2
2017-11-10,'600383,金地集团,11.26,11.52,11.16,11.5,11.5,-0.24,-2.087,0.5395,24350335,276391190.0,50823493752.7,50823493752.7
2017-11-09,'600383,金地集团,11.5,11.52,11.36,11.46,11.47,0.03,0.2616,0.3504,15817706,180728268.0,51906765378.0,51906765378.0
2017-11-08,'600383,金地集团,11.47,11.48,11.35,11.43,11.46,0.01,0.0873,0.4178,18857411,215190018.0,51771356424.8,51771356424.8
2017-11-07,'600383,金地集团,11.46,11.47,11.29,11.35,11.34,0.12,1.0582,0.3721,16797028,190989309.0,51726220107.1,51726220107.1
2017-11-06,'600383,金地集团,11.34,11.58,11.27,11.57,11.64,-0.3,-2.5773,0.4596,20745839,236154381.0,51184584294.5,51184584294.5
2017-11-03,'600383,金地集团,11.64,11.7,11.41,11.68,11.75,-0.11,-0.9362,0.603,27219058,314241515.0,52538673826.1,52538673826.1
2017-11-02,'600383,金地集团,11.75,11.8,11.43,11.8,11.82,-0.07,-0.5922,0.6864,30983005,360014469.0,53035173321.0,53035173321.0
2017-11-01,'600383,金地集团,11.82,11.99,11.73,11.77,11.83,-0.01,-0.0845,0.5445,24576100,291829977.0,53351127545.0,53351127545.0
2017-10-31,'600383,金地集团,11.83,11.85,11.68,11.8,11.78,0.05,0.4244,0.3329,15027787,176871878.0,53396263862.8,53396263862.8
2017-10-30,'600383,金地集团,11.78,11.85,11.67,11.77,11.74,0.04,0.3407,0.4014,18118866,212863915.0,53170582274.2,53170582274.2
2017-10-27,'600383,金地集团,11.74,11.95,11.71,11.79,11.79,-0.05,-0.4241,0.337,15210658,179821280.0,52990037003.3,52990037003.3
2017-10-26,'600383,金地集团,11.79,12.01,11.77,12.01,12.01,-0.22,-1.8318,0.3739,16875175,199690049.0,53215718591.9,53215718591.9
2017-10-25,'600383,金地集团,12.01,12.11,11.83,11.9,11.87,0.14,1.1794,0.4752,21448244,257909132.0,54208717581.7,54208717581.7
2017-10-24,'600383,金地集团,11.87,11.96,11.64,11.64,11.64,0.23,1.9759,0.5377,24268869,287433350.0,53576809133.6,53576809133.6
2017-10-23,'600383,金地集团,11.64,11.66,11.53,11.56,11.57,0.07,0.605,0.2391,10793508,125048536.0,52538673826.1,52538673826.1
2017-10-20,'600383,金地集团,11.57,11.58,11.41,11.43,11.42,0.15,1.3135,0.2386,10770519,124056806.0,52222719602.0,52222719602.0
2017-10-19,'600383,金地集团,11.42,11.56,11.4,11.45,11.42,0.0,0.0,0.3514,15859846,181851284.0,51545674836.2,51545674836.2
2017-10-18,'600383,金地集团,11.42,11.51,11.39,11.44,11.43,-0.01,-0.0875,0.2321,10477462,119822492.0,51545674836.2,51545674836.2
2017-10-17,'600383,金地集团,11.43,11.54,11.4,11.47,11.47,-0.04,-0.3487,0.1833,8273451,94837620.0,51590811154.0,51590811154.0
2017-10-16,'600383,金地集团,11.47,11.63,11.43,11.63,11.6,-0.13,-1.1207,0.2963,13374076,153950708.0,51771356424.8,51771356424.8
2017-10-13,'600383,金地集团,11.6,11.64,11.55,11.6,11.57,0.03,0.2593,0.2052,9262495,107350918.0,52358128555.2,52358128555.2
2017-10-12,'600383,金地集团,11.57,11.74,11.53,11.71,11.74,-0.17,-1.448,0.3698,16692852,193635323.0,52222719602.0,52222719602.0
2017-10-11,'600383,金地集团,11.74,11.83,11.69,11.75,11.75,-0.01,-0.0851,0.3457,15601450,183104803.0,52990037003.3,52990037003.3
2017-10-10,'600383,金地集团,11.75,11.77,11.61,11.74,11.77,-0.02,-0.1699,0.3452,15580077,182268733.0,53035173321.0,53035173321.0
2017-10-09,'600383,金地集团,11.77,11.87,11.68,11.75,11.47,0.3,2.6155,0.686,30962607,364802101.0,53125445956.4,53125445956.4
2017-09-29,'600383,金地集团,11.47,11.62,11.44,11.47,11.43,0.04,0.35,0.349,15753706,181639679.0,51771356424.8,51771356424.8
2017-09-28,'600383,金地集团,11.43,11.71,11.39,11.71,11.67,-0.24,-2.0566,0.5348,24139214,277862688.0,51590811154.0,51590811154.0
2017-09-27,'600383,金地集团,11.67,11.76,11.55,11.68,11.66,0.01,0.0858,0.589,26586163,309924815.0,52674082779.2,52674082779.2
2017-09-26,'600383,金地集团,11.66,11.78,11.55,11.55,11.63,0.03,0.258,0.4228,19081700,222400709.0,52628946461.5,52628946461.5
2017-09-25,'600383,金地集团,11.63,12.12,11.61,12.12,12.37,-0.74,-5.9822,0.9461,42702932,503250102.0,52493537508.4,52493537508.4
2017-09-22,'600383,金地集团,12.37,12.62,12.29,12.46,12.41,-0.04,-0.3223,0.6682,30162337,376216613.0,55833625019.6,55833625019.6
2017-09-21,'600383,金地集团,12.41,12.78,12.35,12.7,12.76,-0.35,-2.7429,0.7361,33225815,415777173.0,56014170290.5,56014170290.5
2017-09-20,'600383,金地集团,12.76,12.99,12.65,12.98,12.95,-0.19,-1.4672,0.8464,38201579,487920146.0,57593941410.7,57593941410.7
2017-09-19,'600383,金地集团,12.95,13.3,12.77,12.81,12.72,0.23,1.8082,1.478,66710848,872553981.0,58451531447.4,58451531447.4
2017-09-18,'600383,金地集团,12.72,13.03,12.69,12.83,12.71,0.01,0.0787,1.2368,55823802,720948888.0,57413396139.8,57413396139.8
2017-09-15,'600383,金地集团,12.71,13.15,12.41,12.52,12.52,0.19,1.5176,1.2545,56622715,728598135.0,57368259822.1,57368259822.1
2017-09-14,'600383,金地集团,12.52,12.7,12.12,12.12,12.17,0.35,2.8759,1.1294,50975482,636962049.0,56510669785.4,56510669785.4
2017-09-13,'600383,金地集团,12.17,12.25,12.03,12.18,12.19,-0.02,-0.1641,0.4486,20246002,245600055.0,54930898665.2,54930898665.2
2017-09-12,'600383,金地集团,12.19,12.36,12.11,12.21,12.26,-0.07,-0.571,0.5312,23977932,293419351.0,55021171300.7,55021171300.7
2017-09-11,'600383,金地集团,12.26,12.52,12.13,12.23,12.26,0.0,0.0,0.5774,26063435,320699248.0,55337125524.7,55337125524.7
2017-09-08,'600383,金地集团,12.26,12.5,12.07,12.17,12.2,0.06,0.4918,0.8043,36302707,445862612.0,55337125524.7,55337125524.7
2017-09-07,'600383,金地集团,12.2,12.57,11.77,11.8,11.77,0.43,3.6534,1.1631,52499146,641798643.0,55066307618.4,55066307618.4
2017-09-06,'600383,金地集团,11.77,11.96,11.69,11.76,11.79,-0.02,-0.1696,0.44,19860093,234637220.0,53125445956.4,53125445956.4
2017-09-05,'600383,金地集团,11.79,11.8,11.5,11.5,11.52,0.27,2.3438,0.6648,30008261,350422484.0,53215718591.9,53215718591.9
2017-09-04,'600383,金地集团,11.52,11.67,11.48,11.67,11.66,-0.14,-1.2007,0.4295,19384188,223545379.0,51997038013.4,51997038013.4
2017-09-01,'600383,金地集团,11.66,11.78,11.61,11.71,11.72,-0.06,-0.5119,0.3502,15808995,184444227.0,52628946461.5,52628946461.5
2017-08-31,'600383,金地集团,11.72,11.88,11.66,11.85,11.89,-0.17,-1.4298,0.288,12999050,152815304.0,52899764367.8,52899764367.8
2017-08-30,'600383,金地集团,11.89,11.92,11.74,11.84,11.8,0.09,0.7627,0.4813,21723902,257265543.0,53667081769.1,53667081769.1
2017-08-29,'600383,金地集团,11.8,11.84,11.68,11.84,11.81,-0.01,-0.0847,0.3653,16486179,193863203.0,53260854909.6,53260854909.6
2017-08-28,'600383,金地集团,11.81,11.94,11.66,11.72,11.7,0.11,0.9402,0.651,29385892,347611053.0,53305991227.3,53305991227.3
2017-08-25,'600383,金地集团,11.7,11.74,11.44,11.45,11.44,0.26,2.2727,0.4903,22131133,257157065.0,52809491732.4,52809491732.4
2017-08-24,'600383,金地集团,11.44,11.6,11.41,11.6,11.57,-0.13,-1.1236,0.2531,11423888,131200265.0,51635947471.7,51635947471.7
2017-08-23,'600383,金地集团,11.57,11.61,11.48,11.55,11.56,0.01,0.0865,0.1871,8445686,97620108.0,52222719602.0,52222719602.0
2017-08-22,'600383,金地集团,11.56,11.7,11.47,11.57,11.57,-0.01,-0.0864,0.3067,13844343,160585839.0,52177583284.3,52177583284.3
2017-08-21,'600383,金地集团,11.57,11.68,11.54,11.62,11.56,0.01,0.0865,0.3152,14228130,164984545.0,52222719602.0,52222719602.0
2017-08-18,'600383,金地集团,11.56,11.62,11.25,11.28,11.33,0.23,2.03,0.4654,21005989,241163990.0,52177583284.3,52177583284.3
2017-08-17,'600383,金地集团,11.33,11.35,11.13,11.14,11.14,0.19,1.7056,0.29,13088282,147169533.0,51139447976.8,51139447976.8
2017-08-16,'600383,金地集团,11.14,11.35,11.06,11.35,11.32,-0.18,-1.5901,0.4652,20997703,233853606.0,50281857940.1,50281857940.1
2017-08-15,'600383,金地集团,11.32,11.37,11.26,11.3,11.27,0.05,0.4437,0.2313,10437784,118118258.0,51094311659.0,51094311659.0
2017-08-14,'600383,金地集团,11.27,11.35,11.13,11.22,11.21,0.06,0.5352,0.4313,19467639,218796293.0,50868630070.4,50868630070.4
2017-08-11,'600383,金地集团,11.21,11.55,11.12,11.55,11.63,-0.42,-3.6113,0.676,30513462,345665593.0,50597812164.1,50597812164.1
2017-08-10,'600383,金地集团,11.63,11.82,11.51,11.82,11.84,-0.21,-1.7736,0.4111,18553912,216083718.0,52493537508.4,52493537508.4
2017-08-09,'600383,金地集团,11.84,11.86,11.68,11.76,11.79,0.05,0.4241,0.266,12007946,141468237.0,53441400180.5,53441400180.5
2017-08-08,'600383,金地集团,11.79,11.86,11.65,11.83,11.83,-0.04,-0.3381,0.378,17059749,200440660.0,53215718591.9,53215718591.9
2017-08-07,'600383,金地集团,11.83,11.87,11.75,11.79,11.82,0.01,0.0846,0.3435,15502289,183021970.0,53396263862.8,53396263862.8
2017-08-04,'600383,金地集团,11.82,11.96,11.67,11.71,11.74,0.08,0.6814,0.445,20083824,237766083.0,53351127545.0,53351127545.0
2017-08-03,'600383,金地集团,11.74,11.87,11.58,11.8,11.78,-0.04,-0.3396,0.5453,24611945,287684082.0,52990037003.3,52990037003.3
2017-08-02,'600383,金地集团,11.78,12.2,11.7,12.09,12.12,-0.34,-2.8053,0.8733,39415536,470772699.0,53170582274.2,53170582274.2
2017-08-01,'600383,金地集团,12.12,12.21,11.95,12.03,12.06,0.06,0.4975,0.432,19500500,235844141.0,54705217076.6,54705217076.6
2017-07-31,'600383,金地集团,12.06,12.22,11.86,12.2,12.18,-0.12,-0.9852,0.6386,28821993,345928953.0,54434399170.3,54434399170.3
2017-07-28,'600383,金地集团,12.18,12.37,12.05,12.13,12.14,0.04,0.3295,0.6537,29504600,361354248.0,54976034983.0,54976034983.0
2017-07-27,'600383,金地集团,12.14,12.22,11.95,12.1,12.11,0.03,0.2477,0.5348,24138942,291796726.0,54795489712.1,54795489712.1
2017-07-26,'600383,金地集团,12.11,12.29,11.96,12.14,12.14,-0.03,-0.2471,0.6156,27784105,337223704.0,54660080758.9,54660080758.9
2017-07-25,'600383,金地集团,12.14,12.48,12.04,12.4,12.46,-0.32,-2.5682,0.7262,32776359,401847949.0,54795489712.1,54795489712.1
2017-07-24,'600383,金地集团,12.46,12.69,12.32,12.5,12.67,-0.21,-1.6575,0.8768,39574773,492134256.0,56239851879.1,56239851879.1
2017-07-21,'600383,金地集团,12.67,13.15,12.63,13.03,13.13,-0.46,-3.5034,0.8539,38543359,495298533.0,57187714551.2,57187714551.2
2017-07-20,'600383,金地集团,13.13,13.25,12.7,12.81,12.87,0.26,2.0202,1.0109,45626737,593872350.0,59263985166.4,59263985166.4
2017-07-19,'600383,金地集团,12.87,12.9,12.61,12.78,12.85,0.02,0.1556,0.8591,38778418,494172020.0,58090440905.6,58090440905.6
2017-07-18,'600383,金地集团,12.85,13.05,12.43,12.72,12.66,0.19,1.5008,1.0016,45208475,578266007.0,58000168270.2,58000168270.2
2017-07-17,'600383,金地集团,12.66,13.34,12.56,12.69,12.72,-0.06,-0.4717,1.2073,54492195,706194814.0,57142578233.5,57142578233.5
2017-07-14,'600383,金地集团,12.72,12.75,12.26,12.53,12.63,0.09,0.7126,0.5745,25932202,325258962.0,57413396139.8,57413396139.8
2017-07-13,'600383,金地集团,12.63,12.75,12.28,12.43,12.44,0.19,1.5273,0.6144,27731062,348224966.0,57007169280.4,57007169280.4
2017-07-12,'600383,金地集团,12.44,12.78,12.33,12.39,12.44,0.0,0.0,0.672,30332942,381311365.0,56149579243.7,56149579243.7
2017-07-11,'600383,金地集团,12.44,12.66,12.36,12.57,12.37,0.07,0.5659,0.792,35747437,447835489.0,56149579243.7,56149579243.7
2017-07-10,'600383,金地集团,12.37,13.1,12.28,12.57,12.55,-0.18,-1.4343,1.0012,45192641,573087971.0,55833625019.6,55833625019.6
2017-07-07,'600383,金地集团,12.55,12.57,11.69,11.69,11.72,0.83,7.0819,1.0316,46562116,568522430.0,56646078738.6,56646078738.6
2017-07-06,'600383,金地集团,11.72,11.85,11.63,11.68,11.67,0.05,0.4284,0.5426,24489942,288252496.0,52899764367.8,52899764367.8
2017-07-05,'600383,金地集团,11.67,11.7,11.43,11.44,11.36,0.31,2.7289,0.6259,28252210,327156621.0,52674082779.2,52674082779.2
2017-07-04,'600383,金地集团,11.36,11.71,11.29,11.71,11.66,-0.3,-2.5729,0.5822,26279302,299903225.0,51274856929.9,51274856929.9
2017-07-03,'600383,金地集团,11.66,11.83,11.52,11.52,11.47,0.19,1.6565,0.6711,30290771,353930671.0,52628946461.5,52628946461.5
2017-06-30,'600383,金地集团,11.47,11.64,11.45,11.58,11.65,-0.18,-1.5451,0.3531,15937557,183838944.0,51771356424.8,51771356424.8
2017-06-29,'600383,金地集团,11.65,11.73,11.49,11.65,11.62,0.03,0.2582,0.359,16202278,187877102.0,52583810143.8,52583810143.8
2017-06-28,'600383,金地集团,11.62,11.86,11.56,11.7,11.75,-0.13,-1.1064,0.5157,23278445,272030064.0,52448401190.6,52448401190.6
2017-06-27,'600383,金地集团,11.75,11.9,11.42,11.52,11.52,0.23,1.9965,1.1959,53978064,633392115.0,53035173321.0,53035173321.0
2017-06-26,'600383,金地集团,11.52,11.7,11.05,11.07,11.01,0.51,4.6322,1.2942,58416965,664556504.0,51997038013.4,51997038013.4
2017-06-23,'600383,金地集团,11.01,11.05,10.65,10.7,10.74,0.27,2.514,0.5427,24496019,267006979.0,49695085809.7,49695085809.7
2017-06-22,'600383,金地集团,10.74,10.95,10.72,10.77,10.75,-0.01,-0.093,0.3553,16038832,173966859.0,48476405231.3,48476405231.3
2017-06-21,'600383,金地集团,10.75,10.8,10.57,10.64,10.59,0.16,1.5109,0.2808,12672308,135443499.0,48521541549.0,48521541549.0
2017-06-20,'600383,金地集团,10.59,10.65,10.55,10.65,10.64,-0.05,-0.4699,0.2364,10669696,112896752.0,47799360465.5,47799360465.5
2017-06-19,'600383,金地集团,10.64,10.7,10.56,10.65,10.61,0.03,0.2828,0.2239,10104158,107369817.0,48025042054.1,48025042054.1
2017-06-16,'600383,金地集团,10.61,10.7,10.57,10.67,10.67,-0.06,-0.5623,0.1655,7472269,79422698.0,47889633100.9,47889633100.9
2017-06-15,'600383,金地集团,10.67,10.67,10.5,10.52,10.57,0.1,0.9461,0.2778,12537661,132925590.0,48160451007.2,48160451007.2
2017-06-14,'600383,金地集团,10.57,10.96,10.55,10.91,11.05,-0.48,-4.3439,0.7355,33198673,355724131.0,47709087830.0,47709087830.0
2017-06-13,'600383,金地集团,11.05,11.12,10.94,11.04,11.08,-0.03,-0.2708,0.3051,13769194,151806441.0,49875631080.6,49875631080.6
2017-06-12,'600383,金地集团,11.08,11.3,11.02,11.05,11.09,-0.01,-0.0902,0.4275,19296066,215014654.0,50011040033.8,50011040033.8
2017-06-09,'600383,金地集团,11.09,11.22,11.01,11.1,11.22,-0.13,-1.1586,0.4819,21749987,241520270.0,50056176351.5,50056176351.5
2017-06-08,'600383,金地集团,11.22,11.24,11.01,11.05,11.08,0.14,1.2635,0.4704,21232164,236230143.0,50642948481.8,50642948481.8
2017-06-07,'600383,金地集团,11.08,11.15,10.93,11.0,10.98,0.1,0.9107,0.4804,21682010,239379054.0,50011040033.8,50011040033.8
2017-06-06,'600383,金地集团,10.98,11.06,10.81,10.87,10.94,0.04,0.3656,0.4114,18568264,203048054.0,49559676856.6,49559676856.6
2017-06-05,'600383,XD金地集,10.94,11.24,10.9,11.23,11.23,-0.29,-2.5824,0.6957,31402005,344927859.0,49379131585.7,49379131585.7
2017-06-02,'600383,金地集团,11.93,12.05,11.85,12.0,12.02,-0.09,-0.7488,0.6097,27517490,328657726.0,53847627040.0,53847627040.0
2017-06-01,'600383,金地集团,12.02,12.04,11.76,11.8,11.89,0.13,1.0934,1.0583,47767829,569733615.0,54253853899.4,54253853899.4
2017-05-31,'600383,金地集团,11.89,12.12,11.76,12.01,11.72,0.17,1.4505,0.8498,38358634,456987779.0,53667081769.1,53667081769.1
2017-05-26,'600383,金地集团,11.72,11.8,11.58,11.71,11.72,0.0,0.0,0.4609,20805529,243054397.0,52899764367.8,52899764367.8
2017-05-25,'600383,金地集团,11.72,11.99,11.47,11.47,11.39,0.33,2.8973,1.0639,48019661,565211444.0,52899764367.8,52899764367.8
2017-05-24,'600383,金地集团,11.39,11.41,11.18,11.3,11.34,0.05,0.4409,0.2464,11121488,125662149.0,51410265883.1,51410265883.1
2017-05-23,'600383,金地集团,11.34,11.37,11.12,11.15,11.2,0.14,1.25,0.354,15978522,179958248.0,51184584294.5,51184584294.5
2017-05-22,'600383,金地集团,11.2,11.22,10.99,11.15,11.15,0.05,0.4484,0.3303,14906664,165627720.0,50552675846.4,50552675846.4
2017-05-19,'600383,金地集团,11.15,11.18,11.06,11.13,11.15,0.0,0.0,0.152,6862767,76260776.0,50326994257.8,50326994257.8
2017-05-18,'600383,金地集团,11.15,11.18,11.04,11.12,11.14,0.01,0.0898,0.1943,8769302,97318586.0,50326994257.8,50326994257.8
2017-05-17,'600383,金地集团,11.14,11.3,11.11,11.21,11.23,-0.09,-0.8014,0.2446,11039653,123405938.0,50281857940.1,50281857940.1
2017-05-16,'600383,金地集团,11.23,11.26,11.1,11.15,11.2,0.03,0.2679,0.2754,12432165,139304706.0,50688084799.6,50688084799.6
2017-05-15,'600383,金地集团,11.2,11.24,11.0,11.04,11.03,0.17,1.5413,0.3018,13622017,151918115.0,50552675846.4,50552675846.4
2017-05-12,'600383,金地集团,11.03,11.05,10.92,10.93,10.98,0.05,0.4554,0.1597,7207640,79228390.0,49785358445.2,49785358445.2
2017-05-11,'600383,金地集团,10.98,11.04,10.75,10.78,10.84,0.14,1.2915,0.3754,16946022,184505152.0,49559676856.6,49559676856.6
2017-05-10,'600383,金地集团,10.84,10.95,10.72,10.88,10.86,-0.02,-0.1842,0.2917,13165845,142658155.0,48927768408.5,48927768408.5
2017-05-09,'600383,金地集团,10.86,11.01,10.83,10.99,11.04,-0.18,-1.6304,0.2407,10866296,118559488.0,49018041043.9,49018041043.9
2017-05-08,'600383,金地集团,11.04,11.05,10.79,10.89,10.94,0.1,0.9141,0.4229,19087603,208913512.0,49830494762.9,49830494762.9
2017-05-05,'600383,金地集团,10.94,10.95,10.71,10.86,10.89,0.05,0.4591,0.5058,22830388,246896316.0,49379131585.7,49379131585.7
2017-05-04,'600383,金地集团,10.89,10.97,10.8,10.81,10.93,-0.04,-0.366,0.464,20941371,227795882.0,49153449997.1,49153449997.1
2017-05-03,'600383,金地集团,10.93,11.15,10.83,11.11,11.16,-0.23,-2.0609,0.6039,27259256,298724703.0,49333995268.0,49333995268.0
2017-05-02,'600383,金地集团,11.16,11.45,11.1,11.41,11.54,-0.38,-3.2929,0.5999,27078246,303590932.0,50372130575.5,50372130575.5
2017-04-28,'600383,金地集团,11.54,11.55,11.4,11.52,11.55,-0.01,-0.0866,0.3084,13921515,159553788.0,52087310648.9,52087310648.9
2017-04-27,'600383,金地集团,11.55,11.79,11.47,11.79,11.85,-0.3,-2.5316,0.4566,20609081,239192031.0,52132446966.6,52132446966.6
2017-04-26,'600383,金地集团,11.85,12.04,11.85,11.91,11.9,-0.05,-0.4202,0.2975,13427319,160065557.0,53486536498.2,53486536498.2
2017-04-25,'600383,金地集团,11.9,12.02,11.85,11.88,11.96,-0.06,-0.5017,0.3415,15414693,184051680.0,53712218086.8,53712218086.8
2017-04-24,'600383,金地集团,11.96,11.97,11.49,11.85,11.86,0.1,0.8432,0.5585,25210139,296367682.0,53983035993.1,53983035993.1
2017-04-21,'600383,金地集团,11.86,11.88,11.66,11.78,11.75,0.11,0.9362,0.4046,18262602,214963159.0,53531672815.9,53531672815.9
2017-04-20,'600383,金地集团,11.75,11.81,11.61,11.64,11.62,0.13,1.1188,0.441,19906164,233220566.0,53035173321.0,53035173321.0
2017-04-19,'600383,金地集团,11.62,11.69,11.51,11.54,11.59,0.03,0.2588,0.4246,19162844,222173465.0,52448401190.6,52448401190.6
2017-04-18,'600383,金地集团,11.59,11.78,11.58,11.71,11.72,-0.13,-1.1092,0.5126,23137512,270680873.0,52312992237.5,52312992237.5
2017-04-17,'600383,金地集团,11.72,11.73,11.5,11.6,11.7,0.02,0.1709,0.4363,19692275,228689103.0,52899764367.8,52899764367.8
2017-04-14,'600383,金地集团,11.7,11.8,11.59,11.79,11.84,-0.14,-1.1824,0.6455,29135893,339827554.0,52809491732.4,52809491732.4
2017-04-13,'600383,金地集团,11.84,11.93,11.67,11.9,11.93,-0.09,-0.7544,0.7904,35677287,420603419.0,53441400180.5,53441400180.5
2017-04-12,'600383,金地集团,11.93,12.16,11.77,11.9,11.77,0.16,1.3594,1.449,65400748,782986420.0,53847627040.0,53847627040.0
2017-04-11,'600383,金地集团,11.77,11.79,11.37,11.4,11.4,0.37,3.2456,1.486,67071308,773874379.0,53125445956.4,53125445956.4
2017-04-10,'600383,金地集团,11.4,11.57,11.2,11.26,11.23,0.17,1.5138,1.216,54886502,625563815.0,51455402200.8,51455402200.8
2017-04-07,'600383,金地集团,11.23,11.27,11.12,11.25,11.18,0.05,0.4472,0.7468,33709249,377506564.0,50688084799.6,50688084799.6
2017-04-06,'600383,金地集团,11.18,11.31,11.09,11.28,11.25,-0.07,-0.6222,0.7009,31634657,353859474.0,50462403211.0,50462403211.0
2017-04-05,'600383,金地集团,11.25,11.48,11.17,11.43,11.1,0.15,1.3514,1.0509,47435516,535904962.0,50778357435.0,50778357435.0
2017-03-31,'600383,金地集团,11.1,11.13,10.79,10.81,10.83,0.27,2.4931,0.4333,19556702,214500758.0,50101312669.2,50101312669.2
2017-03-30,'600383,金地集团,10.83,10.89,10.69,10.82,10.84,-0.01,-0.0923,0.343,15483300,166899884.0,48882632090.8,48882632090.8
2017-03-29,'600383,金地集团,10.84,10.95,10.75,10.82,10.82,0.02,0.1848,0.319,14399857,156247676.0,48927768408.5,48927768408.5
2017-03-28,'600383,金地集团,10.82,10.88,10.72,10.74,10.7,0.12,1.1215,0.5045,22771645,246224889.0,48837495773.0,48837495773.0
2017-03-27,'600383,金地集团,10.7,10.93,10.62,10.77,10.84,-0.14,-1.2915,0.7399,33396997,358750986.0,48295859960.4,48295859960.4
2017-03-24,'600383,金地集团,10.84,10.93,10.48,10.93,10.94,-0.1,-0.9141,1.1046,49858062,533734219.0,48927768408.5,48927768408.5
2017-03-23,'600383,金地集团,10.94,11.18,10.85,11.15,11.13,-0.19,-1.7071,0.7302,32957060,362056634.0,49379131585.7,49379131585.7
2017-03-22,'600383,金地集团,11.13,11.38,11.05,11.38,11.42,-0.29,-2.5394,0.5929,26761129,300015646.0,50236721622.4,50236721622.4
2017-03-21,'600383,金地集团,11.42,11.5,11.31,11.44,11.45,-0.03,-0.262,0.4827,21785270,248699796.0,51545674836.2,51545674836.2
2017-03-20,'600383,金地集团,11.45,11.65,11.34,11.64,11.71,-0.26,-2.2203,0.4559,20577722,235127925.0,51681083789.4,51681083789.4
2017-03-17,'600383,金地集团,11.71,12.04,11.68,12.0,11.95,-0.24,-2.0084,0.5567,25127083,297444107.0,52854628050.1,52854628050.1
2017-03-16,'600383,金地集团,11.95,12.21,11.93,12.12,12.09,-0.14,-1.158,0.5256,23724308,285009907.0,53937899675.4,53937899675.4
2017-03-15,'600383,金地集团,12.09,12.24,12.03,12.21,12.28,-0.19,-1.5472,0.4529,20443472,247187926.0,54569808123.5,54569808123.5
2017-03-14,'600383,金地集团,12.28,12.52,12.13,12.17,12.23,0.05,0.4088,0.4897,22104625,271824537.0,55427398160.2,55427398160.2
2017-03-13,'600383,金地集团,12.23,12.26,11.91,12.05,12.03,0.2,1.6625,0.4423,19965334,241689812.0,55201716571.6,55201716571.6
2017-03-10,'600383,金地集团,12.03,12.17,12.03,12.03,12.11,-0.08,-0.6606,0.1864,8415501,101895786.0,54298990217.2,54298990217.2
2017-03-09,'600383,金地集团,12.11,12.14,11.91,12.14,12.17,-0.06,-0.493,0.2294,10353378,124369374.0,54660080758.9,54660080758.9
2017-03-08,'600383,金地集团,12.17,12.22,11.95,12.01,12.0,0.17,1.4167,0.3067,13842077,167867856.0,54930898665.2,54930898665.2
2017-03-07,'600383,金地集团,12.0,12.02,11.82,11.95,11.95,0.05,0.4184,0.3182,14360686,171064560.0,54163581264.0,54163581264.0
2017-03-06,'600383,金地集团,11.95,12.0,11.91,11.92,11.88,0.07,0.5892,0.2606,11761751,140807590.0,53937899675.4,53937899675.4
2017-03-03,'600383,金地集团,11.88,11.97,11.78,11.8,11.84,0.04,0.3378,0.172,7763065,92251674.0,53621945451.4,53621945451.4
2017-03-02,'600383,金地集团,11.84,12.04,11.79,12.0,12.0,-0.16,-1.3333,0.2765,12481521,148645969.0,53441400180.5,53441400180.5
2017-03-01,'600383,金地集团,12.0,12.17,11.96,12.09,12.09,-0.09,-0.7444,0.3546,16006189,193007766.0,54163581264.0,54163581264.0
2017-02-28,'600383,金地集团,12.09,12.14,12.02,12.08,12.09,0.0,0.0,0.5711,25778299,311908360.0,54569808123.5,54569808123.5
2017-02-27,'600383,金地集团,12.09,12.23,12.05,12.08,12.06,0.03,0.2488,0.6715,30311206,368269207.0,54569808123.5,54569808123.5
2017-02-24,'600383,金地集团,12.06,12.1,11.93,11.95,12.0,0.06,0.5,0.3791,17109293,205960625.0,54434399170.3,54434399170.3
2017-02-23,'600383,金地集团,12.0,12.16,11.95,12.15,12.15,-0.15,-1.2346,0.2147,9689716,116721877.0,54163581264.0,54163581264.0
2017-02-22,'600383,金地集团,12.15,12.25,12.12,12.15,12.15,0.0,0.0,0.4294,19382215,235694476.0,54840626029.8,54840626029.8
2017-02-21,'600383,金地集团,12.15,12.28,12.1,12.12,12.11,0.04,0.3303,0.3187,14382910,174903134.0,54840626029.8,54840626029.8
2017-02-20,'600383,金地集团,12.11,12.12,12.0,12.01,12.04,0.07,0.5814,0.2784,12567177,151766102.0,54660080758.9,54660080758.9
2017-02-17,'600383,金地集团,12.04,12.27,12.0,12.24,12.2,-0.16,-1.3115,0.1389,6269062,76163341.0,54344126534.9,54344126534.9
2017-02-16,'600383,金地集团,12.2,12.24,12.16,12.17,12.17,0.03,0.2465,0.1073,4841314,59045269.0,55066307618.4,55066307618.4
2017-02-15,'600383,金地集团,12.17,12.37,12.15,12.34,12.35,-0.18,-1.4575,0.1363,6150601,75646487.0,54930898665.2,54930898665.2
2017-02-14,'600383,金地集团,12.35,12.45,12.27,12.44,12.44,-0.09,-0.7235,0.1495,6749513,83235456.0,55743352384.2,55743352384.2
2017-02-13,'600383,金地集团,12.44,12.56,12.28,12.51,12.58,-0.14,-1.1129,0.2029,9159884,113703506.0,56149579243.7,56149579243.7
2017-02-10,'600383,金地集团,12.58,12.63,12.47,12.63,12.6,-0.02,-0.1587,0.1285,5801570,72741397.0,56781487691.8,56781487691.8
2017-02-09,'600383,金地集团,12.6,12.75,12.57,12.6,12.6,0.0,0.0,0.1966,8873166,112180937.0,56871760327.2,56871760327.2
2017-02-08,'600383,金地集团,12.6,12.64,12.51,12.6,12.58,0.02,0.159,0.1076,4858103,61154072.0,56871760327.2,56871760327.2
2017-02-07,'600383,金地集团,12.58,12.63,12.5,12.6,12.61,-0.03,-0.2379,0.1192,5380032,67852505.0,56781487691.8,56781487691.8
2017-02-06,'600383,金地集团,12.61,12.65,12.48,12.48,12.52,0.09,0.7188,0.1447,6529699,82454607.0,56916896644.9,56916896644.9
2017-02-03,'600383,金地集团,12.52,12.72,12.5,12.7,12.72,-0.2,-1.5723,0.0627,2828059,35631891.0,56510669785.4,56510669785.4
2017-01-26,'600383,金地集团,12.72,12.78,12.64,12.75,12.72,0.0,0.0,0.0811,3662277,46554815.0,57413396139.8,57413396139.8
2017-01-25,'600383,金地集团,12.72,12.75,12.45,12.45,12.33,0.39,3.163,0.1587,7164955,89795036.0,57413396139.8,57413396139.8
2017-01-24,'600383,金地集团,12.33,12.57,12.31,12.48,12.43,-0.1,-0.8045,0.1127,5088834,63239301.0,55653079748.8,55653079748.8
2017-01-23,'600383,金地集团,12.43,12.56,12.32,12.33,12.34,0.09,0.7293,0.1141,5148218,64151774.0,56104442926.0,56104442926.0
2017-01-20,'600383,金地集团,12.34,12.45,12.14,12.22,12.31,0.03,0.2437,0.0642,2897787,35810298.0,55698216066.5,55698216066.5
2017-01-19,'600383,金地集团,12.31,12.38,12.19,12.19,12.25,0.06,0.4898,0.0537,2425446,29868137.0,55562807113.3,55562807113.3
2017-01-18,'600383,金地集团,12.25,12.27,12.07,12.18,12.12,0.13,1.0726,0.0638,2879321,35112851.0,55291989207.0,55291989207.0
2017-01-17,'600383,金地集团,12.12,12.14,12.01,12.1,12.06,0.06,0.4975,0.0801,3613967,43625618.0,54705217076.6,54705217076.6
2017-01-16,'600383,金地集团,12.06,12.3,11.92,12.22,12.31,-0.25,-2.0309,0.2455,11080749,133323900.0,54434399170.3,54434399170.3
2017-01-13,'600383,金地集团,12.31,12.65,12.21,12.52,12.38,-0.07,-0.5654,0.068,3069761,38165037.0,55562807113.3,55562807113.3
2017-01-12,'600383,金地集团,12.38,12.49,12.34,12.35,12.39,-0.01,-0.0807,0.0599,2703245,33519073.0,55878761337.4,55878761337.4
2017-01-11,'600383,金地集团,12.39,12.82,12.32,12.73,12.73,-0.34,-2.6709,0.0814,3672101,46245592.0,55923897655.1,55923897655.1
2017-01-10,'600383,金地集团,12.73,12.81,12.66,12.68,12.72,0.01,0.0786,0.0749,3380921,43046342.0,57458532457.6,57458532457.6
2017-01-09,'600383,金地集团,12.72,12.9,12.7,12.84,12.94,-0.22,-1.7002,0.0969,4375831,55875083.0,57413396139.8,57413396139.8
2017-01-06,'600383,金地集团,12.94,12.98,12.67,12.84,12.85,0.09,0.7004,0.1189,5367170,68816621.0,58406395129.7,58406395129.7
2017-01-05,'600383,金地集团,12.85,13.19,12.82,13.18,13.18,-0.33,-2.5038,0.1259,5681532,73608341.0,58000168270.2,58000168270.2
2017-01-04,'600383,金地集团,13.18,13.33,13.0,13.29,13.25,-0.07,-0.5283,0.1194,5390779,70765552.0,59489666755.0,59489666755.0
2017-01-03,'600383,金地集团,13.25,13.37,12.87,12.99,12.96,0.29,2.2377,0.1357,6125538,80391536.0,59805620979.0,59805620979.0
